-- phpMyAdmin SQL Dump
-- version 4.5.1
-- http://www.phpmyadmin.net
--
-- Host: 127.0.0.1
-- Generation Time: Apr 02, 2016 at 04:35 AM
-- Server version: 10.1.9-MariaDB
-- PHP Version: 5.6.15

SET SQL_MODE = "NO_AUTO_VALUE_ON_ZERO";
SET time_zone = "+00:00";


/*!40101 SET @OLD_CHARACTER_SET_CLIENT=@@CHARACTER_SET_CLIENT */;
/*!40101 SET @OLD_CHARACTER_SET_RESULTS=@@CHARACTER_SET_RESULTS */;
/*!40101 SET @OLD_COLLATION_CONNECTION=@@COLLATION_CONNECTION */;
/*!40101 SET NAMES utf8mb4 */;

--
-- Database: `breaking_news`
--

-- --------------------------------------------------------

--
-- Table structure for table `articles`
--

CREATE TABLE `articles` (
  `id` int(10) UNSIGNED NOT NULL,
  `title` text COLLATE utf8_unicode_ci NOT NULL,
  `description` text COLLATE utf8_unicode_ci NOT NULL,
  `image` varchar(255) COLLATE utf8_unicode_ci DEFAULT NULL,
  `published_at` timestamp NOT NULL DEFAULT CURRENT_TIMESTAMP ON UPDATE CURRENT_TIMESTAMP,
  `created_at` timestamp NULL DEFAULT NULL,
  `updated_at` timestamp NULL DEFAULT NULL,
  `user_id` int(10) UNSIGNED NOT NULL DEFAULT '1'
) ENGINE=InnoDB DEFAULT CHARSET=utf8 COLLATE=utf8_unicode_ci;

-- --------------------------------------------------------

--
-- Table structure for table `article_tag`
--

CREATE TABLE `article_tag` (
  `article_id` int(10) UNSIGNED NOT NULL,
  `tag_id` int(10) UNSIGNED NOT NULL,
  `created_at` timestamp NULL DEFAULT NULL,
  `updated_at` timestamp NULL DEFAULT NULL
) ENGINE=InnoDB DEFAULT CHARSET=utf8 COLLATE=utf8_unicode_ci;

-- --------------------------------------------------------

--
-- Table structure for table `branch`
--

CREATE TABLE `branch` (
  `id` int(10) UNSIGNED NOT NULL,
  `name` varchar(255) COLLATE utf8_unicode_ci NOT NULL,
  `image` varchar(255) COLLATE utf8_unicode_ci NOT NULL,
  `lat` varchar(60) COLLATE utf8_unicode_ci NOT NULL,
  `lon` varchar(60) COLLATE utf8_unicode_ci NOT NULL,
  `detail` text COLLATE utf8_unicode_ci NOT NULL,
  `created_at` timestamp NULL DEFAULT NULL,
  `updated_at` timestamp NULL DEFAULT NULL
) ENGINE=InnoDB DEFAULT CHARSET=utf8 COLLATE=utf8_unicode_ci;

--
-- Dumping data for table `branch`
--

INSERT INTO `branch` (`id`, `name`, `image`, `lat`, `lon`, `detail`, `created_at`, `updated_at`) VALUES
(1, 'เซ็นทรัลลาดพร้าว', '', '13.8167454', '100.56087009999999', 'เซ็นทรัลลาดพร้าว', '2016-03-21 17:00:00', '2016-03-21 17:00:00'),
(2, 'สยามสแควร์วัน', '', '13.7454985', '100.5316173', 'สยามสแควร์วัน', '2016-03-21 17:00:00', '2016-03-21 17:00:00'),
(3, 'แฟชั่น ไอซ์แลนด์', '', '13.825791', '100.67894769999998', 'แฟชั่น ไอซ์แลนด์', '2016-03-21 17:00:00', '2016-03-21 17:00:00'),
(4, 'ดิ เอ็มควอเทียร์', '', '13.7315256', '100.56946760000005', 'ดิ เอ็มควอเทียร์', '2016-03-21 17:00:00', '2016-03-21 17:00:00');

-- --------------------------------------------------------

--
-- Table structure for table `brand`
--

CREATE TABLE `brand` (
  `id` int(10) UNSIGNED NOT NULL,
  `name` varchar(255) COLLATE utf8_unicode_ci NOT NULL,
  `logo_image` varchar(255) COLLATE utf8_unicode_ci DEFAULT NULL,
  `logo_cover` varchar(255) COLLATE utf8_unicode_ci DEFAULT NULL,
  `slogan` varchar(255) COLLATE utf8_unicode_ci DEFAULT NULL,
  `detail` text COLLATE utf8_unicode_ci,
  `category` varchar(255) COLLATE utf8_unicode_ci DEFAULT NULL,
  `facebook` varchar(255) COLLATE utf8_unicode_ci DEFAULT NULL,
  `twitter` varchar(255) COLLATE utf8_unicode_ci DEFAULT NULL,
  `line_officail` varchar(255) COLLATE utf8_unicode_ci DEFAULT NULL,
  `youtube` varchar(255) COLLATE utf8_unicode_ci DEFAULT NULL,
  `approve_status` enum('Y','N') COLLATE utf8_unicode_ci NOT NULL DEFAULT 'N',
  `created_at` timestamp NULL DEFAULT NULL,
  `updated_at` timestamp NULL DEFAULT NULL,
  `deleted_at` timestamp NULL DEFAULT NULL
) ENGINE=InnoDB DEFAULT CHARSET=utf8 COLLATE=utf8_unicode_ci;

--
-- Dumping data for table `brand`
--

INSERT INTO `brand` (`id`, `name`, `logo_image`, `logo_cover`, `slogan`, `detail`, `category`, `facebook`, `twitter`, `line_officail`, `youtube`, `approve_status`, `created_at`, `updated_at`, `deleted_at`) VALUES
(1, 'World Camera', NULL, NULL, 'World Camera', 'World Camera', NULL, NULL, NULL, NULL, NULL, 'N', '2016-03-21 17:00:00', '2016-03-21 17:00:00', NULL),
(2, 'Big Camera', NULL, NULL, 'Big Camera', 'Big Camera', NULL, NULL, NULL, NULL, NULL, 'N', '2016-03-21 17:00:00', '2016-03-21 17:00:00', NULL),
(3, 'Zoom Camera', NULL, NULL, 'Zoom Camera', 'Zoom Camera', NULL, NULL, NULL, NULL, NULL, 'N', '2016-03-21 17:00:00', '2016-03-21 17:00:00', NULL),
(4, 'Super Sport', NULL, NULL, 'Super Sport', 'Super Sport', NULL, NULL, NULL, NULL, NULL, 'N', NULL, '2016-03-25 17:00:00', '2016-03-25 17:00:00');

-- --------------------------------------------------------

--
-- Table structure for table `brand_branch`
--

CREATE TABLE `brand_branch` (
  `brand_id` int(10) UNSIGNED NOT NULL,
  `branch_id` int(10) UNSIGNED NOT NULL,
  `created_at` timestamp NULL DEFAULT NULL,
  `updated_at` timestamp NULL DEFAULT NULL
) ENGINE=InnoDB DEFAULT CHARSET=utf8 COLLATE=utf8_unicode_ci;

--
-- Dumping data for table `brand_branch`
--

INSERT INTO `brand_branch` (`brand_id`, `branch_id`, `created_at`, `updated_at`) VALUES
(1, 1, '2016-03-21 17:00:00', '2016-03-21 17:00:00'),
(2, 2, NULL, NULL),
(2, 3, NULL, NULL),
(3, 4, '2016-03-21 17:00:00', '2016-03-21 17:00:00'),
(3, 3, '2016-03-21 17:00:00', '2016-03-21 17:00:00'),
(4, 1, '2016-03-25 17:00:00', '2016-03-25 17:00:00');

-- --------------------------------------------------------

--
-- Table structure for table `brand_social`
--

CREATE TABLE `brand_social` (
  `brand_id` int(10) UNSIGNED NOT NULL,
  `social_id` int(10) UNSIGNED NOT NULL,
  `created_at` timestamp NULL DEFAULT NULL,
  `updated_at` timestamp NULL DEFAULT NULL
) ENGINE=InnoDB DEFAULT CHARSET=utf8 COLLATE=utf8_unicode_ci;

-- --------------------------------------------------------

--
-- Table structure for table `categories`
--

CREATE TABLE `categories` (
  `id` int(10) UNSIGNED NOT NULL,
  `name` varchar(255) COLLATE utf8_unicode_ci NOT NULL,
  `category` varchar(255) COLLATE utf8_unicode_ci NOT NULL,
  `category_type` varchar(60) COLLATE utf8_unicode_ci NOT NULL,
  `created_at` timestamp NULL DEFAULT NULL,
  `updated_at` timestamp NULL DEFAULT NULL
) ENGINE=InnoDB DEFAULT CHARSET=utf8 COLLATE=utf8_unicode_ci;

-- --------------------------------------------------------

--
-- Table structure for table `events`
--

CREATE TABLE `events` (
  `id` int(10) UNSIGNED NOT NULL,
  `title` text COLLATE utf8_unicode_ci NOT NULL,
  `url_slug` varchar(100) COLLATE utf8_unicode_ci DEFAULT NULL,
  `image` varchar(255) COLLATE utf8_unicode_ci DEFAULT NULL,
  `brief` varchar(255) COLLATE utf8_unicode_ci DEFAULT NULL,
  `description` text COLLATE utf8_unicode_ci NOT NULL,
  `start_date` date NOT NULL,
  `end_date` date NOT NULL,
  `active` enum('Y','N') COLLATE utf8_unicode_ci NOT NULL DEFAULT 'Y',
  `published_at` date DEFAULT NULL,
  `created_at` timestamp NULL DEFAULT NULL,
  `updated_at` timestamp NULL DEFAULT NULL,
  `deleted_at` timestamp NULL DEFAULT NULL,
  `user_id` int(10) UNSIGNED NOT NULL DEFAULT '1',
  `brand_id` int(10) UNSIGNED NOT NULL DEFAULT '1'
) ENGINE=InnoDB DEFAULT CHARSET=utf8 COLLATE=utf8_unicode_ci;

--
-- Dumping data for table `events`
--

INSERT INTO `events` (`id`, `title`, `url_slug`, `image`, `brief`, `description`, `start_date`, `end_date`, `active`, `published_at`, `created_at`, `updated_at`, `deleted_at`, `user_id`, `brand_id`) VALUES
(5, 'New Event Blanch', 'new-event-blanch', 'images/events/2016-03-22/20160322-224437-11082594_899048800117328_5547320965177606048_n.jpg', 'New Event Blanch', '<div><br></div>', '0000-00-00', '0000-00-00', 'Y', '2016-03-22', '2016-03-22 15:44:37', '2016-03-22 15:44:37', NULL, 1, 1),
(6, 'New Event Blanch', 'new-event-blanch-1', 'images/events/2016-03-22/20160322-224841-11082594_899048800117328_5547320965177606048_n.jpg', 'New Event Blanch', '<div><br></div>', '0000-00-00', '0000-00-00', 'Y', '2016-03-22', '2016-03-22 15:48:41', '2016-03-22 15:48:41', NULL, 1, 1),
(7, 'New Event Blanch', 'new-event-blanch-2', 'images/events/2016-03-22/20160322-225120-11082594_899048800117328_5547320965177606048_n.jpg', 'New Event Blanch', '<div><br></div>', '0000-00-00', '0000-00-00', 'Y', '2016-03-22', '2016-03-22 15:51:20', '2016-03-22 15:51:20', NULL, 1, 1),
(8, 'New Event Blanch', 'new-event-blanch-3', 'images/events/2016-03-22/20160322-225200-11082594_899048800117328_5547320965177606048_n.jpg', 'New Event Blanch', '<div><br></div>', '0000-00-00', '0000-00-00', 'Y', '2016-03-22', '2016-03-22 15:52:00', '2016-03-22 15:52:00', NULL, 1, 1),
(9, 'New Event Blanch', 'new-event-blanch-4', 'images/events/2016-03-22/20160322-225217-11082594_899048800117328_5547320965177606048_n.jpg', 'New Event Blanch', '<div><br></div>', '0000-00-00', '0000-00-00', 'Y', '2016-03-22', '2016-03-22 15:52:17', '2016-03-22 15:52:17', NULL, 1, 1),
(10, 'New Event Blanch', 'new-event-blanch-5', 'images/events/2016-03-22/20160322-225657-11260417_1276824769001378_4032463564402342004_o.jpg', 'New Event Blanch', '<div><span style="font-weight: bold;">New Event Blanch<br><img src="/images/events/2016-03-22/description/20160322-225632-11082594_899048800117328_5547320965177606048_n.jpg" style="width: 527.5px;"><br></span></div>', '2016-03-25', '2016-03-28', 'Y', '2016-03-20', '2016-03-22 15:56:57', '2016-03-22 15:56:57', NULL, 1, 1),
(11, 'Super Sport Running Sale', 'super-sport-running-sale', 'images/events/2016-03-26/20160326-204710-1934830_598202273669683_3161834332261730679_n.jpg', 'Super Sport Running Sale', '<div><span style="font-weight: bold;">Super Sport Running Sale<br><img src="/images/events/2016-03-26/description/20160326-204645-10570324_1174827395890586_7580090991072355698_n.jpg" style="width: 527.5px;"><br></span></div>', '2016-03-25', '2016-03-30', 'Y', '2016-03-26', '2016-03-26 13:47:10', '2016-03-26 13:47:10', NULL, 1, 4),
(12, 'New Event Gllery Sport', 'new-event-gllery-sport', 'images/events/2016-03-27/20160327-135139-12022415_596810460475531_3646114147447548534_o.jpg', 'New Event Gllery Sport', '<div><span style="font-weight: bold;">New Event Gllery Sport<br><img src="/images/events/2016-03-27/description/20160327-135127-12378095_816339098498393_3132775488959900954_o.jpg" style="width: 527.5px;"><br></span></div>', '2016-03-24', '2016-03-30', 'Y', '2016-03-27', '2016-03-27 06:51:39', '2016-03-27 06:51:39', NULL, 1, 4),
(13, 'New Event Gllery Dropzone', 'new-event-gllery-dropzone', 'images/events/2016-03-27/20160327-135502-11350557_925501194138755_4793903702655743759_n.jpg', 'New Event Gllery Dropzone', '<div><span style="font-weight: bold;">New Event Gllery Dropzone<br><img src="/images/events/2016-03-27/description/20160327-135450-12888657_1590721754582462_1440314817463730505_o.jpg" style="width: 527.5px;"><br></span></div>', '2016-03-29', '2016-03-31', 'Y', '2016-03-27', '2016-03-27 06:55:02', '2016-03-27 06:55:02', NULL, 1, 1),
(14, 'New Event Gllery Pics', 'new-event-gllery-pics', 'images/events/2016-03-27/20160327-135844-thumb1_5568.jpg', 'New Event Gllery Pics', '<div><span style="font-weight: bold;">New Event Gllery Pics<br><img src="/images/events/2016-03-27/description/20160327-135833-1426308726-2807525503-o.jpg" style="width: 527.5px;"><br></span></div>', '2016-03-30', '2016-03-31', 'Y', '2016-03-27', '2016-03-27 06:58:44', '2016-03-27 06:58:44', NULL, 1, 1),
(15, 'New Event Beach Gallery', 'new-event-beach-gallery', 'images/events/2016-03-27/20160327-140355-11205066_981147908606504_988336293275235857_n.jpg', 'New Event Beach Gallery', '<div><span style="font-weight: bold;">New Event Beach Gallery<br><img src="/images/events/2016-03-27/description/20160327-140341-10685358_905301056158769_2856217830528359547_n.jpg" style="width: 527.5px;"><br></span></div>', '2016-03-30', '2016-03-31', 'Y', '2016-03-27', '2016-03-27 07:03:55', '2016-03-27 07:03:55', NULL, 1, 3),
(16, 'Bikini Gallery', 'bikini-gallery', 'images/events/2016-03-27/20160327-140641-11898689_969176009771273_1755163554102694030_n.jpg', 'Bikini Gallery', '<div><span style="font-weight: bold;">Bikini Gallery<br><img src="/images/events/2016-03-27/description/20160327-140632-12898205_1122190594491655_5729543229304163917_o.jpg" style="width: 527.5px;"><br></span></div>', '2016-03-29', '2016-03-31', 'Y', '2016-03-27', '2016-03-27 07:06:41', '2016-03-27 07:06:41', NULL, 1, 2),
(17, 'Bikini Summer Sale', 'bikini-summer-sale', 'images/events/2016-03-27/20160327-212109-mSQWlZdCq5b6ZLkt8kQ4gwAybZxKSFg3.jpg', 'Bikini Summer Sale', '<div><span style="font-weight: bold;">Bikini Summer Sale<br><img src="/images/events/2016-03-27/description/20160327-212056-10623907_596149983874912_7349255915354889545_o.jpg" style="width: 507.5px;"><br></span></div>', '2016-03-18', '2016-03-31', 'Y', '2016-03-27', '2016-03-27 14:21:09', '2016-03-27 14:21:09', NULL, 1, 4),
(18, 'Bikini Promotion Summer Sale', 'bikini-promotion-summer-sale', 'images/events/2016-03-27/20160327-213522-12888657_1590721754582462_1440314817463730505_o.jpg', 'Bikini Promotion Summer Sale', '<div><span style="font-weight: bold;">Bikini Promotion Summer Sale<br><img src="/images/events/2016-03-27/description/20160327-213507-1426308674-2807525503-o.jpg" style="width: 507.5px;"><br></span></div>', '2016-03-23', '2016-03-30', 'Y', '2016-03-27', '2016-03-27 14:35:22', '2016-03-27 14:35:22', NULL, 1, 4),
(19, 'Bikini Summer Sale X2', 'bikini-summer-sale-x2', 'images/events/2016-03-27/20160327-214748-10400016_1548065595523282_8650181045517873917_n.jpg', 'Bikini Summer Sale X2', '<div><span style="font-weight: bold;">Bikini Summer Sale X2<br><img src="/images/events/2016-03-27/description/20160327-214708-siro-1893_poster.jpg" style="width: 600px;"><br></span></div>', '2016-03-30', '2016-03-31', 'Y', '2016-03-27', '2016-03-27 14:47:48', '2016-03-27 14:47:48', NULL, 1, 3),
(20, 'Bikini Summer Sale X3', 'bikini-summer-sale-x3', 'images/events/2016-03-27/20160327-215143-DICHAN02.jpg', 'Bikini Summer Sale X3', '<div><span style="font-weight: bold;">Bikini Summer Sale X3<br><img src="/images/events/2016-03-27/description/20160327-215123-siro-1893_poster.jpg" style="width: 600px;"><br></span></div>', '2016-03-29', '2016-03-30', 'Y', '2016-03-27', '2016-03-27 14:51:43', '2016-03-27 14:51:43', NULL, 1, 3),
(21, 'Bikini Promotion Summer Sale X5', 'bikini-promotion-summer-sale-x5', 'images/events/2016-03-27/20160327-215412-1426308626-2807525503-o.jpg', 'Bikini Promotion Summer Sale X5', '<div><span style="font-weight: bold;">Promotion Summer Sale X5<br><img src="/images/events/2016-03-27/description/20160327-215402-DICHAN01.jpg" style="width: 640px;"><br></span></div>', '2016-03-30', '2016-03-31', 'Y', '2016-03-27', '2016-03-27 14:54:12', '2016-03-27 14:54:12', NULL, 1, 2),
(22, 'Bikini Promotion Super Hot', 'bikini-promotion-super-hot', 'images/events/2016-03-27/20160327-215653-7477_539507792889460_1634184387946375166_n.jpg', 'Bikini Promotion Super Hot', '<div><span style="font-weight: bold;">Bikini Promotion Super Hot<br><img src="/images/events/2016-03-27/description/20160327-215640-12924492_10154284447012638_3505652993563862988_n.jpg" style="width: 472px;"><br></span></div>', '2016-03-30', '2016-03-31', 'Y', '2016-03-27', '2016-03-27 14:56:53', '2016-03-27 14:56:53', NULL, 1, 1),
(23, 'New Event Gllery Bikini', 'new-event-gllery-bikini', 'images/events/2016-03-29/20160329-203342-12924517_1747478922132881_515182654927433429_n.jpg', 'New Event Gllery Bikini', '<div><span style="font-weight: bold;">Bikini<br><img src="/images/events/2016-03-29/description/20160329-203327-10623907_596149983874912_7349255915354889545_o.jpg" style="width: 507.5px;"><br></span></div>', '2016-03-31', '2016-04-02', 'Y', '2016-03-29', '2016-03-29 13:33:42', '2016-03-29 13:33:42', NULL, 1, 3);

-- --------------------------------------------------------

--
-- Table structure for table `event_branch`
--

CREATE TABLE `event_branch` (
  `event_id` int(10) UNSIGNED NOT NULL,
  `branch_id` int(10) UNSIGNED NOT NULL,
  `created_at` timestamp NULL DEFAULT NULL,
  `updated_at` timestamp NULL DEFAULT NULL
) ENGINE=InnoDB DEFAULT CHARSET=utf8 COLLATE=utf8_unicode_ci;

--
-- Dumping data for table `event_branch`
--

INSERT INTO `event_branch` (`event_id`, `branch_id`, `created_at`, `updated_at`) VALUES
(7, 2, '2016-03-22 15:51:20', '2016-03-22 15:51:20'),
(7, 3, '2016-03-22 15:51:20', '2016-03-22 15:51:20'),
(8, 3, '2016-03-22 15:52:00', '2016-03-22 15:52:00'),
(9, 2, '2016-03-22 15:52:17', '2016-03-22 15:52:17'),
(9, 3, '2016-03-22 15:52:17', '2016-03-22 15:52:17'),
(10, 4, '2016-03-22 15:56:57', '2016-03-22 15:56:57'),
(10, 3, '2016-03-22 15:56:57', '2016-03-22 15:56:57'),
(11, 1, '2016-03-26 13:47:10', '2016-03-26 13:47:10'),
(12, 1, '2016-03-27 06:51:39', '2016-03-27 06:51:39'),
(13, 1, '2016-03-27 06:55:02', '2016-03-27 06:55:02'),
(14, 1, '2016-03-27 06:58:44', '2016-03-27 06:58:44'),
(15, 3, '2016-03-27 07:03:55', '2016-03-27 07:03:55'),
(15, 4, '2016-03-27 07:03:55', '2016-03-27 07:03:55'),
(16, 2, '2016-03-27 07:06:41', '2016-03-27 07:06:41'),
(16, 3, '2016-03-27 07:06:41', '2016-03-27 07:06:41'),
(17, 1, '2016-03-27 14:21:09', '2016-03-27 14:21:09'),
(18, 1, '2016-03-27 14:35:22', '2016-03-27 14:35:22'),
(19, 3, '2016-03-27 14:47:48', '2016-03-27 14:47:48'),
(19, 4, '2016-03-27 14:47:48', '2016-03-27 14:47:48'),
(20, 3, '2016-03-27 14:51:43', '2016-03-27 14:51:43'),
(20, 4, '2016-03-27 14:51:43', '2016-03-27 14:51:43'),
(21, 2, '2016-03-27 14:54:13', '2016-03-27 14:54:13'),
(21, 3, '2016-03-27 14:54:13', '2016-03-27 14:54:13'),
(22, 1, '2016-03-27 14:56:53', '2016-03-27 14:56:53'),
(23, 3, '2016-03-29 13:33:42', '2016-03-29 13:33:42'),
(23, 4, '2016-03-29 13:33:42', '2016-03-29 13:33:42');

-- --------------------------------------------------------

--
-- Table structure for table `event_category`
--

CREATE TABLE `event_category` (
  `event_id` int(10) UNSIGNED NOT NULL,
  `cate_id` int(10) UNSIGNED NOT NULL,
  `created_at` timestamp NULL DEFAULT NULL,
  `updated_at` timestamp NULL DEFAULT NULL
) ENGINE=InnoDB DEFAULT CHARSET=utf8 COLLATE=utf8_unicode_ci;

-- --------------------------------------------------------

--
-- Table structure for table `event_gallery`
--

CREATE TABLE `event_gallery` (
  `event_id` int(10) UNSIGNED NOT NULL,
  `gallery_id` int(10) UNSIGNED NOT NULL,
  `created_at` timestamp NULL DEFAULT NULL,
  `updated_at` timestamp NULL DEFAULT NULL
) ENGINE=InnoDB DEFAULT CHARSET=utf8 COLLATE=utf8_unicode_ci;

--
-- Dumping data for table `event_gallery`
--

INSERT INTO `event_gallery` (`event_id`, `gallery_id`, `created_at`, `updated_at`) VALUES
(10, 41, '2016-03-22 15:56:57', '2016-03-22 15:56:57'),
(10, 42, '2016-03-22 15:56:57', '2016-03-22 15:56:57'),
(10, 43, '2016-03-22 15:56:57', '2016-03-22 15:56:57'),
(10, 44, '2016-03-22 15:56:57', '2016-03-22 15:56:57'),
(10, 45, '2016-03-22 15:56:57', '2016-03-22 15:56:57'),
(10, 46, '2016-03-22 15:56:57', '2016-03-22 15:56:57'),
(11, 47, '2016-03-26 13:47:10', '2016-03-26 13:47:10'),
(11, 48, '2016-03-26 13:47:10', '2016-03-26 13:47:10'),
(11, 49, '2016-03-26 13:47:10', '2016-03-26 13:47:10'),
(11, 50, '2016-03-26 13:47:10', '2016-03-26 13:47:10'),
(11, 51, '2016-03-26 13:47:10', '2016-03-26 13:47:10'),
(11, 52, '2016-03-26 13:47:10', '2016-03-26 13:47:10'),
(11, 53, '2016-03-26 13:47:10', '2016-03-26 13:47:10'),
(11, 54, '2016-03-26 13:47:10', '2016-03-26 13:47:10'),
(11, 55, '2016-03-26 13:47:10', '2016-03-26 13:47:10'),
(11, 56, '2016-03-26 13:47:10', '2016-03-26 13:47:10'),
(13, 57, '2016-03-27 06:55:02', '2016-03-27 06:55:02'),
(13, 58, '2016-03-27 06:55:02', '2016-03-27 06:55:02'),
(13, 59, '2016-03-27 06:55:02', '2016-03-27 06:55:02'),
(13, 60, '2016-03-27 06:55:02', '2016-03-27 06:55:02'),
(13, 61, '2016-03-27 06:55:02', '2016-03-27 06:55:02'),
(13, 62, '2016-03-27 06:55:03', '2016-03-27 06:55:03'),
(13, 63, '2016-03-27 06:55:03', '2016-03-27 06:55:03'),
(14, 64, '2016-03-27 06:58:45', '2016-03-27 06:58:45'),
(14, 65, '2016-03-27 06:58:45', '2016-03-27 06:58:45'),
(14, 66, '2016-03-27 06:58:45', '2016-03-27 06:58:45'),
(14, 67, '2016-03-27 06:58:45', '2016-03-27 06:58:45'),
(14, 68, '2016-03-27 06:58:45', '2016-03-27 06:58:45'),
(14, 69, '2016-03-27 06:58:45', '2016-03-27 06:58:45'),
(14, 70, '2016-03-27 06:58:45', '2016-03-27 06:58:45'),
(14, 71, '2016-03-27 06:58:45', '2016-03-27 06:58:45'),
(14, 72, '2016-03-27 06:58:45', '2016-03-27 06:58:45'),
(15, 73, '2016-03-27 07:03:56', '2016-03-27 07:03:56'),
(15, 74, '2016-03-27 07:03:56', '2016-03-27 07:03:56'),
(15, 75, '2016-03-27 07:03:56', '2016-03-27 07:03:56'),
(15, 76, '2016-03-27 07:03:56', '2016-03-27 07:03:56'),
(15, 77, '2016-03-27 07:03:56', '2016-03-27 07:03:56'),
(15, 78, '2016-03-27 07:03:56', '2016-03-27 07:03:56'),
(16, 79, '2016-03-27 07:06:42', '2016-03-27 07:06:42'),
(16, 80, '2016-03-27 07:06:42', '2016-03-27 07:06:42'),
(16, 81, '2016-03-27 07:06:42', '2016-03-27 07:06:42'),
(16, 82, '2016-03-27 07:06:42', '2016-03-27 07:06:42'),
(16, 83, '2016-03-27 07:06:42', '2016-03-27 07:06:42'),
(16, 84, '2016-03-27 07:06:42', '2016-03-27 07:06:42'),
(16, 85, '2016-03-27 07:06:42', '2016-03-27 07:06:42'),
(16, 86, '2016-03-27 07:06:42', '2016-03-27 07:06:42'),
(16, 87, '2016-03-27 07:06:42', '2016-03-27 07:06:42'),
(17, 88, '2016-03-27 14:21:09', '2016-03-27 14:21:09'),
(17, 89, '2016-03-27 14:21:09', '2016-03-27 14:21:09'),
(17, 90, '2016-03-27 14:21:09', '2016-03-27 14:21:09'),
(17, 91, '2016-03-27 14:21:09', '2016-03-27 14:21:09'),
(17, 92, '2016-03-27 14:21:09', '2016-03-27 14:21:09'),
(17, 93, '2016-03-27 14:21:09', '2016-03-27 14:21:09'),
(18, 94, '2016-03-27 14:35:22', '2016-03-27 14:35:22'),
(18, 95, '2016-03-27 14:35:22', '2016-03-27 14:35:22'),
(18, 96, '2016-03-27 14:35:22', '2016-03-27 14:35:22'),
(18, 97, '2016-03-27 14:35:22', '2016-03-27 14:35:22'),
(18, 98, '2016-03-27 14:35:22', '2016-03-27 14:35:22'),
(18, 99, '2016-03-27 14:35:22', '2016-03-27 14:35:22'),
(19, 100, '2016-03-27 14:47:48', '2016-03-27 14:47:48'),
(19, 101, '2016-03-27 14:47:48', '2016-03-27 14:47:48'),
(19, 102, '2016-03-27 14:47:48', '2016-03-27 14:47:48'),
(19, 103, '2016-03-27 14:47:48', '2016-03-27 14:47:48'),
(19, 104, '2016-03-27 14:47:48', '2016-03-27 14:47:48'),
(20, 105, '2016-03-27 14:51:44', '2016-03-27 14:51:44'),
(20, 106, '2016-03-27 14:51:44', '2016-03-27 14:51:44'),
(20, 107, '2016-03-27 14:51:44', '2016-03-27 14:51:44'),
(20, 108, '2016-03-27 14:51:44', '2016-03-27 14:51:44'),
(20, 109, '2016-03-27 14:51:44', '2016-03-27 14:51:44'),
(20, 110, '2016-03-27 14:51:44', '2016-03-27 14:51:44'),
(20, 111, '2016-03-27 14:51:44', '2016-03-27 14:51:44'),
(21, 112, '2016-03-27 14:54:13', '2016-03-27 14:54:13'),
(21, 113, '2016-03-27 14:54:13', '2016-03-27 14:54:13'),
(21, 114, '2016-03-27 14:54:13', '2016-03-27 14:54:13'),
(21, 115, '2016-03-27 14:54:13', '2016-03-27 14:54:13'),
(21, 116, '2016-03-27 14:54:13', '2016-03-27 14:54:13'),
(22, 117, '2016-03-27 14:56:53', '2016-03-27 14:56:53'),
(22, 118, '2016-03-27 14:56:53', '2016-03-27 14:56:53'),
(22, 119, '2016-03-27 14:56:53', '2016-03-27 14:56:53'),
(22, 120, '2016-03-27 14:56:54', '2016-03-27 14:56:54'),
(22, 121, '2016-03-27 14:56:54', '2016-03-27 14:56:54'),
(22, 122, '2016-03-27 14:56:54', '2016-03-27 14:56:54'),
(22, 123, '2016-03-27 14:56:54', '2016-03-27 14:56:54'),
(22, 124, '2016-03-27 14:56:54', '2016-03-27 14:56:54'),
(22, 125, '2016-03-27 14:56:54', '2016-03-27 14:56:54'),
(22, 126, '2016-03-27 14:56:54', '2016-03-27 14:56:54'),
(22, 127, '2016-03-27 14:56:54', '2016-03-27 14:56:54'),
(22, 128, '2016-03-27 14:56:54', '2016-03-27 14:56:54'),
(22, 129, '2016-03-27 14:56:54', '2016-03-27 14:56:54'),
(22, 130, '2016-03-27 14:56:54', '2016-03-27 14:56:54'),
(22, 131, '2016-03-27 14:56:54', '2016-03-27 14:56:54'),
(23, 132, '2016-03-29 13:33:43', '2016-03-29 13:33:43'),
(23, 133, '2016-03-29 13:33:43', '2016-03-29 13:33:43'),
(23, 134, '2016-03-29 13:33:43', '2016-03-29 13:33:43'),
(23, 135, '2016-03-29 13:33:43', '2016-03-29 13:33:43'),
(23, 136, '2016-03-29 13:33:43', '2016-03-29 13:33:43'),
(23, 137, '2016-03-29 13:33:43', '2016-03-29 13:33:43'),
(23, 138, '2016-03-29 13:33:43', '2016-03-29 13:33:43'),
(23, 139, '2016-03-29 13:33:43', '2016-03-29 13:33:43'),
(23, 140, '2016-03-29 13:33:43', '2016-03-29 13:33:43'),
(23, 141, '2016-03-29 13:33:43', '2016-03-29 13:33:43'),
(23, 142, '2016-03-29 13:33:43', '2016-03-29 13:33:43');

-- --------------------------------------------------------

--
-- Table structure for table `event_location`
--

CREATE TABLE `event_location` (
  `event_id` int(10) UNSIGNED NOT NULL,
  `location_id` int(10) UNSIGNED NOT NULL,
  `created_at` timestamp NULL DEFAULT NULL,
  `updated_at` timestamp NULL DEFAULT NULL
) ENGINE=InnoDB DEFAULT CHARSET=utf8 COLLATE=utf8_unicode_ci;

--
-- Dumping data for table `event_location`
--

INSERT INTO `event_location` (`event_id`, `location_id`, `created_at`, `updated_at`) VALUES
(6, 4, '2016-03-22 15:48:42', '2016-03-22 15:48:42'),
(7, 4, '2016-03-22 15:51:20', '2016-03-22 15:51:20'),
(8, 4, '2016-03-22 15:52:00', '2016-03-22 15:52:00'),
(9, 4, '2016-03-22 15:52:18', '2016-03-22 15:52:18'),
(10, 5, '2016-03-22 15:56:57', '2016-03-22 15:56:57'),
(11, 6, '2016-03-26 13:47:10', '2016-03-26 13:47:10'),
(12, 7, '2016-03-27 06:51:39', '2016-03-27 06:51:39'),
(13, 8, '2016-03-27 06:55:03', '2016-03-27 06:55:03'),
(14, 9, '2016-03-27 06:58:45', '2016-03-27 06:58:45'),
(15, 10, '2016-03-27 07:03:56', '2016-03-27 07:03:56'),
(16, 11, '2016-03-27 07:06:42', '2016-03-27 07:06:42'),
(17, 12, '2016-03-27 14:21:09', '2016-03-27 14:21:09'),
(18, 13, '2016-03-27 14:35:22', '2016-03-27 14:35:22'),
(19, 14, '2016-03-27 14:47:48', '2016-03-27 14:47:48'),
(20, 15, '2016-03-27 14:51:44', '2016-03-27 14:51:44'),
(21, 16, '2016-03-27 14:54:13', '2016-03-27 14:54:13'),
(22, 17, '2016-03-27 14:56:54', '2016-03-27 14:56:54'),
(23, 18, '2016-03-29 13:33:43', '2016-03-29 13:33:43');

-- --------------------------------------------------------

--
-- Table structure for table `event_tag`
--

CREATE TABLE `event_tag` (
  `event_id` int(10) UNSIGNED NOT NULL,
  `tag_id` int(10) UNSIGNED NOT NULL,
  `created_at` timestamp NULL DEFAULT NULL,
  `updated_at` timestamp NULL DEFAULT NULL
) ENGINE=InnoDB DEFAULT CHARSET=utf8 COLLATE=utf8_unicode_ci;

--
-- Dumping data for table `event_tag`
--

INSERT INTO `event_tag` (`event_id`, `tag_id`, `created_at`, `updated_at`) VALUES
(6, 1, '2016-03-22 15:48:42', '2016-03-22 15:48:42'),
(6, 2, '2016-03-22 15:48:42', '2016-03-22 15:48:42'),
(6, 3, '2016-03-22 15:48:42', '2016-03-22 15:48:42'),
(6, 4, '2016-03-22 15:48:42', '2016-03-22 15:48:42'),
(7, 1, '2016-03-22 15:51:20', '2016-03-22 15:51:20'),
(7, 2, '2016-03-22 15:51:20', '2016-03-22 15:51:20'),
(7, 3, '2016-03-22 15:51:20', '2016-03-22 15:51:20'),
(7, 4, '2016-03-22 15:51:20', '2016-03-22 15:51:20'),
(8, 1, '2016-03-22 15:52:00', '2016-03-22 15:52:00'),
(8, 2, '2016-03-22 15:52:00', '2016-03-22 15:52:00'),
(8, 3, '2016-03-22 15:52:00', '2016-03-22 15:52:00'),
(8, 4, '2016-03-22 15:52:00', '2016-03-22 15:52:00'),
(9, 1, '2016-03-22 15:52:17', '2016-03-22 15:52:17'),
(9, 2, '2016-03-22 15:52:17', '2016-03-22 15:52:17'),
(9, 3, '2016-03-22 15:52:17', '2016-03-22 15:52:17'),
(9, 4, '2016-03-22 15:52:18', '2016-03-22 15:52:18'),
(10, 1, '2016-03-22 15:56:57', '2016-03-22 15:56:57'),
(10, 2, '2016-03-22 15:56:57', '2016-03-22 15:56:57'),
(10, 3, '2016-03-22 15:56:57', '2016-03-22 15:56:57'),
(12, 5, '2016-03-27 06:51:39', '2016-03-27 06:51:39'),
(13, 6, '2016-03-27 06:55:02', '2016-03-27 06:55:02'),
(14, 7, '2016-03-27 06:58:44', '2016-03-27 06:58:44'),
(15, 8, '2016-03-27 07:03:55', '2016-03-27 07:03:55'),
(16, 9, '2016-03-27 07:06:41', '2016-03-27 07:06:41'),
(17, 9, '2016-03-27 14:21:09', '2016-03-27 14:21:09'),
(17, 10, '2016-03-27 14:21:09', '2016-03-27 14:21:09'),
(17, 11, '2016-03-27 14:21:09', '2016-03-27 14:21:09'),
(18, 9, '2016-03-27 14:35:22', '2016-03-27 14:35:22'),
(18, 12, '2016-03-27 14:35:22', '2016-03-27 14:35:22'),
(18, 13, '2016-03-27 14:35:22', '2016-03-27 14:35:22'),
(19, 9, '2016-03-27 14:47:48', '2016-03-27 14:47:48'),
(19, 13, '2016-03-27 14:47:48', '2016-03-27 14:47:48'),
(19, 14, '2016-03-27 14:47:48', '2016-03-27 14:47:48'),
(20, 9, '2016-03-27 14:51:43', '2016-03-27 14:51:43'),
(20, 13, '2016-03-27 14:51:43', '2016-03-27 14:51:43'),
(21, 9, '2016-03-27 14:54:13', '2016-03-27 14:54:13'),
(21, 12, '2016-03-27 14:54:13', '2016-03-27 14:54:13'),
(23, 15, '2016-03-29 13:33:42', '2016-03-29 13:33:42'),
(23, 16, '2016-03-29 13:33:42', '2016-03-29 13:33:42'),
(23, 9, '2016-03-29 13:33:42', '2016-03-29 13:33:42');

-- --------------------------------------------------------

--
-- Table structure for table `galleries`
--

CREATE TABLE `galleries` (
  `id` int(10) UNSIGNED NOT NULL,
  `name` varchar(255) COLLATE utf8_unicode_ci NOT NULL,
  `image` varchar(255) COLLATE utf8_unicode_ci NOT NULL,
  `created_at` timestamp NULL DEFAULT NULL,
  `updated_at` timestamp NULL DEFAULT NULL
) ENGINE=InnoDB DEFAULT CHARSET=utf8 COLLATE=utf8_unicode_ci;

--
-- Dumping data for table `galleries`
--

INSERT INTO `galleries` (`id`, `name`, `image`, `created_at`, `updated_at`) VALUES
(1, '20160321-213733-10620220_1549355822022039_7154812067573170395_o.jpg', 'images/events/gallery/1/20160321-213733-10620220_1549355822022039_7154812067573170395_o.jpg', '2016-03-21 14:37:33', '2016-03-21 14:37:33'),
(2, '20160321-213733-10685358_905301056158769_2856217830528359547_n.jpg', 'images/events/gallery/1/20160321-213733-10685358_905301056158769_2856217830528359547_n.jpg', '2016-03-21 14:37:33', '2016-03-21 14:37:33'),
(3, '20160321-213733-11082594_899048800117328_5547320965177606048_n.jpg', 'images/events/gallery/1/20160321-213733-11082594_899048800117328_5547320965177606048_n.jpg', '2016-03-21 14:37:33', '2016-03-21 14:37:33'),
(4, '20160321-213733-11260417_1276824769001378_4032463564402342004_o.jpg', 'images/events/gallery/1/20160321-213733-11260417_1276824769001378_4032463564402342004_o.jpg', '2016-03-21 14:37:33', '2016-03-21 14:37:33'),
(5, '20160321-213733-11350557_925501194138755_4793903702655743759_n.jpg', 'images/events/gallery/1/20160321-213733-11350557_925501194138755_4793903702655743759_n.jpg', '2016-03-21 14:37:33', '2016-03-21 14:37:33'),
(6, '20160321-213733-11350817_948026675219540_7469706396439065586_n.jpg', 'images/events/gallery/1/20160321-213733-11350817_948026675219540_7469706396439065586_n.jpg', '2016-03-21 14:37:33', '2016-03-21 14:37:33'),
(7, '20160321-213733-11898689_969176009771273_1755163554102694030_n.jpg', 'images/events/gallery/1/20160321-213733-11898689_969176009771273_1755163554102694030_n.jpg', '2016-03-21 14:37:33', '2016-03-21 14:37:33'),
(8, '20160321-213733-12022415_596810460475531_3646114147447548534_o.jpg', 'images/events/gallery/1/20160321-213733-12022415_596810460475531_3646114147447548534_o.jpg', '2016-03-21 14:37:33', '2016-03-21 14:37:33'),
(9, '20160321-213733-12068685_813907688741534_8208953080677276299_o.jpg', 'images/events/gallery/1/20160321-213733-12068685_813907688741534_8208953080677276299_o.jpg', '2016-03-21 14:37:33', '2016-03-21 14:37:33'),
(10, '20160321-213733-12322717_1276824739001381_4112174407513805375_o.jpg', 'images/events/gallery/1/20160321-213733-12322717_1276824739001381_4112174407513805375_o.jpg', '2016-03-21 14:37:33', '2016-03-21 14:37:33'),
(11, '20160321-213733-12375057_1549355805355374_4373122891003964477_o.jpg', 'images/events/gallery/1/20160321-213733-12375057_1549355805355374_4373122891003964477_o.jpg', '2016-03-21 14:37:33', '2016-03-21 14:37:33'),
(12, '20160321-214016-12378095_816339098498393_3132775488959900954_o.jpg', 'images/events/gallery/2/20160321-214016-12378095_816339098498393_3132775488959900954_o.jpg', '2016-03-21 14:40:16', '2016-03-21 14:40:16'),
(13, '20160321-214016-12440261_10154254589392638_7161386858584790790_o.jpg', 'images/events/gallery/2/20160321-214016-12440261_10154254589392638_7161386858584790790_o.jpg', '2016-03-21 14:40:16', '2016-03-21 14:40:16'),
(14, '20160321-214016-12640381_1044834142206099_1196271949946538219_o.jpg', 'images/events/gallery/2/20160321-214016-12640381_1044834142206099_1196271949946538219_o.jpg', '2016-03-21 14:40:16', '2016-03-21 14:40:16'),
(15, '20160321-214016-12715564_1296116563738753_7950416355389444727_n.jpg', 'images/events/gallery/2/20160321-214016-12715564_1296116563738753_7950416355389444727_n.jpg', '2016-03-21 14:40:16', '2016-03-21 14:40:16'),
(16, '20160321-214016-12717409_10154183100477638_1305862968003749880_n.jpg', 'images/events/gallery/2/20160321-214016-12717409_10154183100477638_1305862968003749880_n.jpg', '2016-03-21 14:40:16', '2016-03-21 14:40:16'),
(17, '20160321-214016-12742809_10154176963897638_5453095545496323483_n.jpg', 'images/events/gallery/2/20160321-214016-12742809_10154176963897638_5453095545496323483_n.jpg', '2016-03-21 14:40:16', '2016-03-21 14:40:16'),
(18, '20160321-214016-12783658_10205626816607630_6899975350208003121_o.jpg', 'images/events/gallery/2/20160321-214016-12783658_10205626816607630_6899975350208003121_o.jpg', '2016-03-21 14:40:17', '2016-03-21 14:40:17'),
(19, '20160321-214017-12809541_10153547444963651_3800307195218223355_n.jpg', 'images/events/gallery/2/20160321-214017-12809541_10153547444963651_3800307195218223355_n.jpg', '2016-03-21 14:40:17', '2016-03-21 14:40:17'),
(20, '20160321-214017-12823229_10153454352863441_486831576238475872_o.jpg', 'images/events/gallery/2/20160321-214017-12823229_10153454352863441_486831576238475872_o.jpg', '2016-03-21 14:40:17', '2016-03-21 14:40:17'),
(21, '20160321-214017-12823343_1533310800299250_8205033258561085088_o.jpg', 'images/events/gallery/2/20160321-214017-12823343_1533310800299250_8205033258561085088_o.jpg', '2016-03-21 14:40:17', '2016-03-21 14:40:17'),
(22, '20160321-214017-12829091_10207260160055269_2869109324669527706_o.jpg', 'images/events/gallery/2/20160321-214017-12829091_10207260160055269_2869109324669527706_o.jpg', '2016-03-21 14:40:17', '2016-03-21 14:40:17'),
(23, '20160321-214249-1493526_1276824772334711_6475796648075998430_o.jpg', 'images/events/gallery/3/20160321-214249-1493526_1276824772334711_6475796648075998430_o.jpg', '2016-03-21 14:42:49', '2016-03-21 14:42:49'),
(24, '20160321-214249-1948030_10154244642042638_2524907496240038633_n.jpg', 'images/events/gallery/3/20160321-214249-1948030_10154244642042638_2524907496240038633_n.jpg', '2016-03-21 14:42:49', '2016-03-21 14:42:49'),
(25, '20160321-214249-10380715_738511816171028_6114370782694473188_o.jpg', 'images/events/gallery/3/20160321-214249-10380715_738511816171028_6114370782694473188_o.jpg', '2016-03-21 14:42:49', '2016-03-21 14:42:49'),
(26, '20160321-214249-10400016_1548065595523282_8650181045517873917_n.jpg', 'images/events/gallery/3/20160321-214249-10400016_1548065595523282_8650181045517873917_n.jpg', '2016-03-21 14:42:49', '2016-03-21 14:42:49'),
(27, '20160321-214249-10400236_1159346240772035_7578515568339421506_n.jpg', 'images/events/gallery/3/20160321-214249-10400236_1159346240772035_7578515568339421506_n.jpg', '2016-03-21 14:42:49', '2016-03-21 14:42:49'),
(28, '20160321-214249-10600385_10153549629643651_8347476870248786438_n.jpg', 'images/events/gallery/3/20160321-214249-10600385_10153549629643651_8347476870248786438_n.jpg', '2016-03-21 14:42:49', '2016-03-21 14:42:49'),
(29, '20160321-214249-12823229_10153454352863441_486831576238475872_o.jpg', 'images/events/gallery/3/20160321-214249-12823229_10153454352863441_486831576238475872_o.jpg', '2016-03-21 14:42:49', '2016-03-21 14:42:49'),
(30, '20160321-214249-12823343_1533310800299250_8205033258561085088_o.jpg', 'images/events/gallery/3/20160321-214249-12823343_1533310800299250_8205033258561085088_o.jpg', '2016-03-21 14:42:49', '2016-03-21 14:42:49'),
(31, '20160321-214501-11082594_899048800117328_5547320965177606048_n.jpg', 'images/events/gallery/4/20160321-214501-11082594_899048800117328_5547320965177606048_n.jpg', '2016-03-21 14:45:01', '2016-03-21 14:45:01'),
(32, '20160321-214501-11260417_1276824769001378_4032463564402342004_o.jpg', 'images/events/gallery/4/20160321-214501-11260417_1276824769001378_4032463564402342004_o.jpg', '2016-03-21 14:45:01', '2016-03-21 14:45:01'),
(33, '20160321-214501-11350557_925501194138755_4793903702655743759_n.jpg', 'images/events/gallery/4/20160321-214501-11350557_925501194138755_4793903702655743759_n.jpg', '2016-03-21 14:45:01', '2016-03-21 14:45:01'),
(34, '20160321-214501-12022415_596810460475531_3646114147447548534_o.jpg', 'images/events/gallery/4/20160321-214501-12022415_596810460475531_3646114147447548534_o.jpg', '2016-03-21 14:45:01', '2016-03-21 14:45:01'),
(35, '20160321-214501-12322717_1276824739001381_4112174407513805375_o.jpg', 'images/events/gallery/4/20160321-214501-12322717_1276824739001381_4112174407513805375_o.jpg', '2016-03-21 14:45:01', '2016-03-21 14:45:01'),
(36, '20160321-214501-12440261_10154254589392638_7161386858584790790_o.jpg', 'images/events/gallery/4/20160321-214501-12440261_10154254589392638_7161386858584790790_o.jpg', '2016-03-21 14:45:01', '2016-03-21 14:45:01'),
(37, '20160321-214501-12783658_10205626816607630_6899975350208003121_o.jpg', 'images/events/gallery/4/20160321-214501-12783658_10205626816607630_6899975350208003121_o.jpg', '2016-03-21 14:45:01', '2016-03-21 14:45:01'),
(38, '20160321-214501-12823229_10153454352863441_486831576238475872_o.jpg', 'images/events/gallery/4/20160321-214501-12823229_10153454352863441_486831576238475872_o.jpg', '2016-03-21 14:45:02', '2016-03-21 14:45:02'),
(39, '20160321-214502-12823343_1533310800299250_8205033258561085088_o.jpg', 'images/events/gallery/4/20160321-214502-12823343_1533310800299250_8205033258561085088_o.jpg', '2016-03-21 14:45:02', '2016-03-21 14:45:02'),
(40, '20160321-214502-12829091_10207260160055269_2869109324669527706_o.jpg', 'images/events/gallery/4/20160321-214502-12829091_10207260160055269_2869109324669527706_o.jpg', '2016-03-21 14:45:02', '2016-03-21 14:45:02'),
(41, '20160322-225657-10620220_1549355822022039_7154812067573170395_o.jpg', 'images/events/2016-03-22/gallery/10/20160322-225657-10620220_1549355822022039_7154812067573170395_o.jpg', '2016-03-22 15:56:57', '2016-03-22 15:56:57'),
(42, '20160322-225657-10685358_905301056158769_2856217830528359547_n.jpg', 'images/events/2016-03-22/gallery/10/20160322-225657-10685358_905301056158769_2856217830528359547_n.jpg', '2016-03-22 15:56:57', '2016-03-22 15:56:57'),
(43, '20160322-225657-11082594_899048800117328_5547320965177606048_n.jpg', 'images/events/2016-03-22/gallery/10/20160322-225657-11082594_899048800117328_5547320965177606048_n.jpg', '2016-03-22 15:56:57', '2016-03-22 15:56:57'),
(44, '20160322-225657-11350557_925501194138755_4793903702655743759_n.jpg', 'images/events/2016-03-22/gallery/10/20160322-225657-11350557_925501194138755_4793903702655743759_n.jpg', '2016-03-22 15:56:57', '2016-03-22 15:56:57'),
(45, '20160322-225657-11898689_969176009771273_1755163554102694030_n.jpg', 'images/events/2016-03-22/gallery/10/20160322-225657-11898689_969176009771273_1755163554102694030_n.jpg', '2016-03-22 15:56:57', '2016-03-22 15:56:57'),
(46, '20160322-225657-12375057_1549355805355374_4373122891003964477_o.jpg', 'images/events/2016-03-22/gallery/10/20160322-225657-12375057_1549355805355374_4373122891003964477_o.jpg', '2016-03-22 15:56:57', '2016-03-22 15:56:57'),
(47, '20160326-204710-11898689_969176009771273_1755163554102694030_n.jpg', 'images/events/2016-03-26/gallery/11/20160326-204710-11898689_969176009771273_1755163554102694030_n.jpg', '2016-03-26 13:47:10', '2016-03-26 13:47:10'),
(48, '20160326-204710-12022415_596810460475531_3646114147447548534_o.jpg', 'images/events/2016-03-26/gallery/11/20160326-204710-12022415_596810460475531_3646114147447548534_o.jpg', '2016-03-26 13:47:10', '2016-03-26 13:47:10'),
(49, '20160326-204710-12068685_813907688741534_8208953080677276299_o.jpg', 'images/events/2016-03-26/gallery/11/20160326-204710-12068685_813907688741534_8208953080677276299_o.jpg', '2016-03-26 13:47:10', '2016-03-26 13:47:10'),
(50, '20160326-204710-12322717_1276824739001381_4112174407513805375_o.jpg', 'images/events/2016-03-26/gallery/11/20160326-204710-12322717_1276824739001381_4112174407513805375_o.jpg', '2016-03-26 13:47:10', '2016-03-26 13:47:10'),
(51, '20160326-204710-12375057_1549355805355374_4373122891003964477_o.jpg', 'images/events/2016-03-26/gallery/11/20160326-204710-12375057_1549355805355374_4373122891003964477_o.jpg', '2016-03-26 13:47:10', '2016-03-26 13:47:10'),
(52, '20160326-204710-12378095_816339098498393_3132775488959900954_o.jpg', 'images/events/2016-03-26/gallery/11/20160326-204710-12378095_816339098498393_3132775488959900954_o.jpg', '2016-03-26 13:47:10', '2016-03-26 13:47:10'),
(53, '20160326-204710-DICHAN01.jpg', 'images/events/2016-03-26/gallery/11/20160326-204710-DICHAN01.jpg', '2016-03-26 13:47:10', '2016-03-26 13:47:10'),
(54, '20160326-204710-DICHAN02.jpg', 'images/events/2016-03-26/gallery/11/20160326-204710-DICHAN02.jpg', '2016-03-26 13:47:10', '2016-03-26 13:47:10'),
(55, '20160326-204710-DICHAN03.jpg', 'images/events/2016-03-26/gallery/11/20160326-204710-DICHAN03.jpg', '2016-03-26 13:47:10', '2016-03-26 13:47:10'),
(56, '20160326-204710-DICHAN04.jpg', 'images/events/2016-03-26/gallery/11/20160326-204710-DICHAN04.jpg', '2016-03-26 13:47:10', '2016-03-26 13:47:10'),
(57, '20160327-135502-1421192_1548065452189963_7857781333602290729_o.jpg', 'images/events/2016-03-27/gallery/13/20160327-135502-1421192_1548065452189963_7857781333602290729_o.jpg', '2016-03-27 06:55:02', '2016-03-27 06:55:02'),
(58, '20160327-135502-10685358_905301056158769_2856217830528359547_n.jpg', 'images/events/2016-03-27/gallery/13/20160327-135502-10685358_905301056158769_2856217830528359547_n.jpg', '2016-03-27 06:55:02', '2016-03-27 06:55:02'),
(59, '20160327-135502-11205066_981147908606504_988336293275235857_n.jpg', 'images/events/2016-03-27/gallery/13/20160327-135502-11205066_981147908606504_988336293275235857_n.jpg', '2016-03-27 06:55:02', '2016-03-27 06:55:02'),
(60, '20160327-135502-11312911_10154276402657638_4507525987603902439_o.jpg', 'images/events/2016-03-27/gallery/13/20160327-135502-11312911_10154276402657638_4507525987603902439_o.jpg', '2016-03-27 06:55:02', '2016-03-27 06:55:02'),
(61, '20160327-135502-11898689_969176009771273_1755163554102694030_n.jpg', 'images/events/2016-03-27/gallery/13/20160327-135502-11898689_969176009771273_1755163554102694030_n.jpg', '2016-03-27 06:55:02', '2016-03-27 06:55:02'),
(62, '20160327-135502-12729358_973778719343423_2841352073742869996_n.jpg', 'images/events/2016-03-27/gallery/13/20160327-135502-12729358_973778719343423_2841352073742869996_n.jpg', '2016-03-27 06:55:02', '2016-03-27 06:55:02'),
(63, '20160327-135502-12742809_10154176963897638_5453095545496323483_n.jpg', 'images/events/2016-03-27/gallery/13/20160327-135502-12742809_10154176963897638_5453095545496323483_n.jpg', '2016-03-27 06:55:02', '2016-03-27 06:55:02'),
(64, '20160327-135844-DICHAN01.jpg', 'images/events/2016-03-27/gallery/14/20160327-135844-DICHAN01.jpg', '2016-03-27 06:58:44', '2016-03-27 06:58:44'),
(65, '20160327-135844-DICHAN02.jpg', 'images/events/2016-03-27/gallery/14/20160327-135844-DICHAN02.jpg', '2016-03-27 06:58:44', '2016-03-27 06:58:44'),
(66, '20160327-135844-DICHAN03.jpg', 'images/events/2016-03-27/gallery/14/20160327-135844-DICHAN03.jpg', '2016-03-27 06:58:44', '2016-03-27 06:58:44'),
(67, '20160327-135844-DICHAN04.jpg', 'images/events/2016-03-27/gallery/14/20160327-135844-DICHAN04.jpg', '2016-03-27 06:58:44', '2016-03-27 06:58:44'),
(68, '20160327-135845-mSQWlZdCq5b6ZLkt8kQ4gwAybZxKSFg3.jpg', 'images/events/2016-03-27/gallery/14/20160327-135845-mSQWlZdCq5b6ZLkt8kQ4gwAybZxKSFg3.jpg', '2016-03-27 06:58:45', '2016-03-27 06:58:45'),
(69, '20160327-135845-mSQWlZdCq5b6ZLkt8kQ4gwAybZxKSFmK.jpg', 'images/events/2016-03-27/gallery/14/20160327-135845-mSQWlZdCq5b6ZLkt8kQ4gwAybZxKSFmK.jpg', '2016-03-27 06:58:45', '2016-03-27 06:58:45'),
(70, '20160327-135845-o4ja98l3iZ2m04LVV0C-o.jpg', 'images/events/2016-03-27/gallery/14/20160327-135845-o4ja98l3iZ2m04LVV0C-o.jpg', '2016-03-27 06:58:45', '2016-03-27 06:58:45'),
(71, '20160327-135845-o4kva7tp9rA4lkf1uZx-o.jpg', 'images/events/2016-03-27/gallery/14/20160327-135845-o4kva7tp9rA4lkf1uZx-o.jpg', '2016-03-27 06:58:45', '2016-03-27 06:58:45'),
(72, '20160327-135845-o4lavu6mq0odbOH4tV8-o.jpg', 'images/events/2016-03-27/gallery/14/20160327-135845-o4lavu6mq0odbOH4tV8-o.jpg', '2016-03-27 06:58:45', '2016-03-27 06:58:45'),
(73, '20160327-140355-12841315_473939489480342_5646875626845994262_o.jpg', 'images/events/2016-03-27/gallery/15/20160327-140355-12841315_473939489480342_5646875626845994262_o.jpg', '2016-03-27 07:03:55', '2016-03-27 07:03:55'),
(74, '20160327-140356-12924517_1747478922132881_515182654927433429_n.jpg', 'images/events/2016-03-27/gallery/15/20160327-140356-12924517_1747478922132881_515182654927433429_n.jpg', '2016-03-27 07:03:56', '2016-03-27 07:03:56'),
(75, '20160327-140356-1408707399-IN227004-o.jpg', 'images/events/2016-03-27/gallery/15/20160327-140356-1408707399-IN227004-o.jpg', '2016-03-27 07:03:56', '2016-03-27 07:03:56'),
(76, '20160327-140356-1408707419-IN227005-o.jpg', 'images/events/2016-03-27/gallery/15/20160327-140356-1408707419-IN227005-o.jpg', '2016-03-27 07:03:56', '2016-03-27 07:03:56'),
(77, '20160327-140356-1426308577-2807525503-o.jpg', 'images/events/2016-03-27/gallery/15/20160327-140356-1426308577-2807525503-o.jpg', '2016-03-27 07:03:56', '2016-03-27 07:03:56'),
(78, '20160327-140356-o4lavu6mq0odbOH4tV8-o.jpg', 'images/events/2016-03-27/gallery/15/20160327-140356-o4lavu6mq0odbOH4tV8-o.jpg', '2016-03-27 07:03:56', '2016-03-27 07:03:56'),
(79, '20160327-140641-1193_598202160336361_618934101266758482_n.jpg', 'images/events/2016-03-27/gallery/16/20160327-140641-1193_598202160336361_618934101266758482_n.jpg', '2016-03-27 07:06:41', '2016-03-27 07:06:41'),
(80, '20160327-140641-7477_539507792889460_1634184387946375166_n.jpg', 'images/events/2016-03-27/gallery/16/20160327-140641-7477_539507792889460_1634184387946375166_n.jpg', '2016-03-27 07:06:41', '2016-03-27 07:06:41'),
(81, '20160327-140641-10380715_738511816171028_6114370782694473188_o.jpg', 'images/events/2016-03-27/gallery/16/20160327-140641-10380715_738511816171028_6114370782694473188_o.jpg', '2016-03-27 07:06:41', '2016-03-27 07:06:41'),
(82, '20160327-140641-10400016_1548065595523282_8650181045517873917_n.jpg', 'images/events/2016-03-27/gallery/16/20160327-140641-10400016_1548065595523282_8650181045517873917_n.jpg', '2016-03-27 07:06:41', '2016-03-27 07:06:41'),
(83, '20160327-140641-11312911_10154276402657638_4507525987603902439_o.jpg', 'images/events/2016-03-27/gallery/16/20160327-140641-11312911_10154276402657638_4507525987603902439_o.jpg', '2016-03-27 07:06:41', '2016-03-27 07:06:41'),
(84, '20160327-140642-11350817_948026675219540_7469706396439065586_n.jpg', 'images/events/2016-03-27/gallery/16/20160327-140642-11350817_948026675219540_7469706396439065586_n.jpg', '2016-03-27 07:06:42', '2016-03-27 07:06:42'),
(85, '20160327-140642-12375057_1549355805355374_4373122891003964477_o.jpg', 'images/events/2016-03-27/gallery/16/20160327-140642-12375057_1549355805355374_4373122891003964477_o.jpg', '2016-03-27 07:06:42', '2016-03-27 07:06:42'),
(86, '20160327-140642-12715564_1296116563738753_7950416355389444727_n.jpg', 'images/events/2016-03-27/gallery/16/20160327-140642-12715564_1296116563738753_7950416355389444727_n.jpg', '2016-03-27 07:06:42', '2016-03-27 07:06:42'),
(87, '20160327-140642-12742809_10154176963897638_5453095545496323483_n.jpg', 'images/events/2016-03-27/gallery/16/20160327-140642-12742809_10154176963897638_5453095545496323483_n.jpg', '2016-03-27 07:06:42', '2016-03-27 07:06:42'),
(88, '20160327-212109-10380715_738511816171028_6114370782694473188_o.jpg', 'images/events/2016-03-27/gallery/17/20160327-212109-10380715_738511816171028_6114370782694473188_o.jpg', '2016-03-27 14:21:09', '2016-03-27 14:21:09'),
(89, '20160327-212109-10400016_1548065595523282_8650181045517873917_n.jpg', 'images/events/2016-03-27/gallery/17/20160327-212109-10400016_1548065595523282_8650181045517873917_n.jpg', '2016-03-27 14:21:09', '2016-03-27 14:21:09'),
(90, '20160327-212109-10623907_596149983874912_7349255915354889545_o.jpg', 'images/events/2016-03-27/gallery/17/20160327-212109-10623907_596149983874912_7349255915354889545_o.jpg', '2016-03-27 14:21:09', '2016-03-27 14:21:09'),
(91, '20160327-212109-12523842_1176050299101629_5916102118012107723_n.jpg', 'images/events/2016-03-27/gallery/17/20160327-212109-12523842_1176050299101629_5916102118012107723_n.jpg', '2016-03-27 14:21:09', '2016-03-27 14:21:09'),
(92, '20160327-212109-12671890_1242361795791262_5959623176673105947_o.jpg', 'images/events/2016-03-27/gallery/17/20160327-212109-12671890_1242361795791262_5959623176673105947_o.jpg', '2016-03-27 14:21:09', '2016-03-27 14:21:09'),
(93, '20160327-212109-12671907_10153501394563441_8381710834039007659_o.jpg', 'images/events/2016-03-27/gallery/17/20160327-212109-12671907_10153501394563441_8381710834039007659_o.jpg', '2016-03-27 14:21:09', '2016-03-27 14:21:09'),
(94, '20160327-213522-1193_598202160336361_618934101266758482_n.jpg', 'images/events/2016-03-27/gallery/18/20160327-213522-1193_598202160336361_618934101266758482_n.jpg', '2016-03-27 14:35:22', '2016-03-27 14:35:22'),
(95, '20160327-213522-6903_597041077119136_4379809017038797688_n.jpg', 'images/events/2016-03-27/gallery/18/20160327-213522-6903_597041077119136_4379809017038797688_n.jpg', '2016-03-27 14:35:22', '2016-03-27 14:35:22'),
(96, '20160327-213522-7477_539507792889460_1634184387946375166_n.jpg', 'images/events/2016-03-27/gallery/18/20160327-213522-7477_539507792889460_1634184387946375166_n.jpg', '2016-03-27 14:35:22', '2016-03-27 14:35:22'),
(97, '20160327-213522-1934830_598202273669683_3161834332261730679_n.jpg', 'images/events/2016-03-27/gallery/18/20160327-213522-1934830_598202273669683_3161834332261730679_n.jpg', '2016-03-27 14:35:22', '2016-03-27 14:35:22'),
(98, '20160327-213522-10400016_1548065595523282_8650181045517873917_n.jpg', 'images/events/2016-03-27/gallery/18/20160327-213522-10400016_1548065595523282_8650181045517873917_n.jpg', '2016-03-27 14:35:22', '2016-03-27 14:35:22'),
(99, '20160327-213522-10620220_1549355822022039_7154812067573170395_o.jpg', 'images/events/2016-03-27/gallery/18/20160327-213522-10620220_1549355822022039_7154812067573170395_o.jpg', '2016-03-27 14:35:22', '2016-03-27 14:35:22'),
(100, '20160327-214748-1934830_598202273669683_3161834332261730679_n.jpg', 'images/events/2016-03-27/gallery/19/20160327-214748-1934830_598202273669683_3161834332261730679_n.jpg', '2016-03-27 14:47:48', '2016-03-27 14:47:48'),
(101, '20160327-214748-10620220_1549355822022039_7154812067573170395_o.jpg', 'images/events/2016-03-27/gallery/19/20160327-214748-10620220_1549355822022039_7154812067573170395_o.jpg', '2016-03-27 14:47:48', '2016-03-27 14:47:48'),
(102, '20160327-214748-10623907_596149983874912_7349255915354889545_o.jpg', 'images/events/2016-03-27/gallery/19/20160327-214748-10623907_596149983874912_7349255915354889545_o.jpg', '2016-03-27 14:47:48', '2016-03-27 14:47:48'),
(103, '20160327-214748-10685358_905301056158769_2856217830528359547_n.jpg', 'images/events/2016-03-27/gallery/19/20160327-214748-10685358_905301056158769_2856217830528359547_n.jpg', '2016-03-27 14:47:48', '2016-03-27 14:47:48'),
(104, '20160327-214748-11082594_899048800117328_5547320965177606048_n.jpg', 'images/events/2016-03-27/gallery/19/20160327-214748-11082594_899048800117328_5547320965177606048_n.jpg', '2016-03-27 14:47:48', '2016-03-27 14:47:48'),
(105, '20160327-215143-6903_597041077119136_4379809017038797688_n.jpg', 'images/events/2016-03-27/gallery/20/20160327-215143-6903_597041077119136_4379809017038797688_n.jpg', '2016-03-27 14:51:43', '2016-03-27 14:51:43'),
(106, '20160327-215143-7477_539507792889460_1634184387946375166_n.jpg', 'images/events/2016-03-27/gallery/20/20160327-215143-7477_539507792889460_1634184387946375166_n.jpg', '2016-03-27 14:51:43', '2016-03-27 14:51:43'),
(107, '20160327-215143-10380715_738511816171028_6114370782694473188_o.jpg', 'images/events/2016-03-27/gallery/20/20160327-215143-10380715_738511816171028_6114370782694473188_o.jpg', '2016-03-27 14:51:44', '2016-03-27 14:51:44'),
(108, '20160327-215144-10400016_1548065595523282_8650181045517873917_n.jpg', 'images/events/2016-03-27/gallery/20/20160327-215144-10400016_1548065595523282_8650181045517873917_n.jpg', '2016-03-27 14:51:44', '2016-03-27 14:51:44'),
(109, '20160327-215144-10620220_1549355822022039_7154812067573170395_o.jpg', 'images/events/2016-03-27/gallery/20/20160327-215144-10620220_1549355822022039_7154812067573170395_o.jpg', '2016-03-27 14:51:44', '2016-03-27 14:51:44'),
(110, '20160327-215144-10623907_596149983874912_7349255915354889545_o.jpg', 'images/events/2016-03-27/gallery/20/20160327-215144-10623907_596149983874912_7349255915354889545_o.jpg', '2016-03-27 14:51:44', '2016-03-27 14:51:44'),
(111, '20160327-215144-11312911_10154276402657638_4507525987603902439_o.jpg', 'images/events/2016-03-27/gallery/20/20160327-215144-11312911_10154276402657638_4507525987603902439_o.jpg', '2016-03-27 14:51:44', '2016-03-27 14:51:44'),
(112, '20160327-215413-12671907_10153501394563441_8381710834039007659_o.jpg', 'images/events/2016-03-27/gallery/21/20160327-215413-12671907_10153501394563441_8381710834039007659_o.jpg', '2016-03-27 14:54:13', '2016-03-27 14:54:13'),
(113, '20160327-215413-12715564_1296116563738753_7950416355389444727_n.jpg', 'images/events/2016-03-27/gallery/21/20160327-215413-12715564_1296116563738753_7950416355389444727_n.jpg', '2016-03-27 14:54:13', '2016-03-27 14:54:13'),
(114, '20160327-215413-12717409_10154183100477638_1305862968003749880_n.jpg', 'images/events/2016-03-27/gallery/21/20160327-215413-12717409_10154183100477638_1305862968003749880_n.jpg', '2016-03-27 14:54:13', '2016-03-27 14:54:13'),
(115, '20160327-215413-12829187_1234083549952420_2027320217026889892_o.jpg', 'images/events/2016-03-27/gallery/21/20160327-215413-12829187_1234083549952420_2027320217026889892_o.jpg', '2016-03-27 14:54:13', '2016-03-27 14:54:13'),
(116, '20160327-215413-12841315_473939489480342_5646875626845994262_o.jpg', 'images/events/2016-03-27/gallery/21/20160327-215413-12841315_473939489480342_5646875626845994262_o.jpg', '2016-03-27 14:54:13', '2016-03-27 14:54:13'),
(117, '20160327-215653-10380715_738511816171028_6114370782694473188_o.jpg', 'images/events/2016-03-27/gallery/22/20160327-215653-10380715_738511816171028_6114370782694473188_o.jpg', '2016-03-27 14:56:53', '2016-03-27 14:56:53'),
(118, '20160327-215653-10400016_1548065595523282_8650181045517873917_n.jpg', 'images/events/2016-03-27/gallery/22/20160327-215653-10400016_1548065595523282_8650181045517873917_n.jpg', '2016-03-27 14:56:53', '2016-03-27 14:56:53'),
(119, '20160327-215653-10620220_1549355822022039_7154812067573170395_o.jpg', 'images/events/2016-03-27/gallery/22/20160327-215653-10620220_1549355822022039_7154812067573170395_o.jpg', '2016-03-27 14:56:53', '2016-03-27 14:56:53'),
(120, '20160327-215653-10685358_905301056158769_2856217830528359547_n.jpg', 'images/events/2016-03-27/gallery/22/20160327-215653-10685358_905301056158769_2856217830528359547_n.jpg', '2016-03-27 14:56:53', '2016-03-27 14:56:53'),
(121, '20160327-215653-11205066_981147908606504_988336293275235857_n.jpg', 'images/events/2016-03-27/gallery/22/20160327-215653-11205066_981147908606504_988336293275235857_n.jpg', '2016-03-27 14:56:53', '2016-03-27 14:56:53'),
(122, '20160327-215653-11312911_10154276402657638_4507525987603902439_o.jpg', 'images/events/2016-03-27/gallery/22/20160327-215653-11312911_10154276402657638_4507525987603902439_o.jpg', '2016-03-27 14:56:53', '2016-03-27 14:56:53'),
(123, '20160327-215653-12022415_596810460475531_3646114147447548534_o.jpg', 'images/events/2016-03-27/gallery/22/20160327-215653-12022415_596810460475531_3646114147447548534_o.jpg', '2016-03-27 14:56:53', '2016-03-27 14:56:53'),
(124, '20160327-215653-1408707399-IN227004-o.jpg', 'images/events/2016-03-27/gallery/22/20160327-215653-1408707399-IN227004-o.jpg', '2016-03-27 14:56:53', '2016-03-27 14:56:53'),
(125, '20160327-215653-1408707419-IN227005-o.jpg', 'images/events/2016-03-27/gallery/22/20160327-215653-1408707419-IN227005-o.jpg', '2016-03-27 14:56:53', '2016-03-27 14:56:53'),
(126, '20160327-215653-1426308577-2807525503-o.jpg', 'images/events/2016-03-27/gallery/22/20160327-215653-1426308577-2807525503-o.jpg', '2016-03-27 14:56:53', '2016-03-27 14:56:53'),
(127, '20160327-215653-1426308626-2807525503-o.jpg', 'images/events/2016-03-27/gallery/22/20160327-215653-1426308626-2807525503-o.jpg', '2016-03-27 14:56:53', '2016-03-27 14:56:53'),
(128, '20160327-215653-DICHAN01.jpg', 'images/events/2016-03-27/gallery/22/20160327-215653-DICHAN01.jpg', '2016-03-27 14:56:53', '2016-03-27 14:56:53'),
(129, '20160327-215653-DICHAN02.jpg', 'images/events/2016-03-27/gallery/22/20160327-215653-DICHAN02.jpg', '2016-03-27 14:56:53', '2016-03-27 14:56:53'),
(130, '20160327-215653-DICHAN03.jpg', 'images/events/2016-03-27/gallery/22/20160327-215653-DICHAN03.jpg', '2016-03-27 14:56:53', '2016-03-27 14:56:53'),
(131, '20160327-215653-mSQWlZdCq5b6ZLkt8kQ4gwAybZxKSFg3.jpg', 'images/events/2016-03-27/gallery/22/20160327-215653-mSQWlZdCq5b6ZLkt8kQ4gwAybZxKSFg3.jpg', '2016-03-27 14:56:53', '2016-03-27 14:56:53'),
(132, '20160329-203342-6903_597041077119136_4379809017038797688_n.jpg', 'images/events/2016-03-29/gallery/23/20160329-203342-6903_597041077119136_4379809017038797688_n.jpg', '2016-03-29 13:33:42', '2016-03-29 13:33:42'),
(133, '20160329-203342-1421192_1548065452189963_7857781333602290729_o.jpg', 'images/events/2016-03-29/gallery/23/20160329-203342-1421192_1548065452189963_7857781333602290729_o.jpg', '2016-03-29 13:33:43', '2016-03-29 13:33:43'),
(134, '20160329-203343-10400016_1548065595523282_8650181045517873917_n.jpg', 'images/events/2016-03-29/gallery/23/20160329-203343-10400016_1548065595523282_8650181045517873917_n.jpg', '2016-03-29 13:33:43', '2016-03-29 13:33:43'),
(135, '20160329-203343-10685358_905301056158769_2856217830528359547_n.jpg', 'images/events/2016-03-29/gallery/23/20160329-203343-10685358_905301056158769_2856217830528359547_n.jpg', '2016-03-29 13:33:43', '2016-03-29 13:33:43'),
(136, '20160329-203343-12022415_596810460475531_3646114147447548534_o.jpg', 'images/events/2016-03-29/gallery/23/20160329-203343-12022415_596810460475531_3646114147447548534_o.jpg', '2016-03-29 13:33:43', '2016-03-29 13:33:43'),
(137, '20160329-203343-12022420_781937521907135_3922322087832596026_o.jpg', 'images/events/2016-03-29/gallery/23/20160329-203343-12022420_781937521907135_3922322087832596026_o.jpg', '2016-03-29 13:33:43', '2016-03-29 13:33:43'),
(138, '20160329-203343-12671890_1242361795791262_5959623176673105947_o.jpg', 'images/events/2016-03-29/gallery/23/20160329-203343-12671890_1242361795791262_5959623176673105947_o.jpg', '2016-03-29 13:33:43', '2016-03-29 13:33:43'),
(139, '20160329-203343-12671907_10153501394563441_8381710834039007659_o.jpg', 'images/events/2016-03-29/gallery/23/20160329-203343-12671907_10153501394563441_8381710834039007659_o.jpg', '2016-03-29 13:33:43', '2016-03-29 13:33:43'),
(140, '20160329-203343-12715564_1296116563738753_7950416355389444727_n.jpg', 'images/events/2016-03-29/gallery/23/20160329-203343-12715564_1296116563738753_7950416355389444727_n.jpg', '2016-03-29 13:33:43', '2016-03-29 13:33:43'),
(141, '20160329-203343-12717409_10154183100477638_1305862968003749880_n.jpg', 'images/events/2016-03-29/gallery/23/20160329-203343-12717409_10154183100477638_1305862968003749880_n.jpg', '2016-03-29 13:33:43', '2016-03-29 13:33:43'),
(142, '20160329-203343-12799185_202183176824079_5309144912913603351_n.jpg', 'images/events/2016-03-29/gallery/23/20160329-203343-12799185_202183176824079_5309144912913603351_n.jpg', '2016-03-29 13:33:43', '2016-03-29 13:33:43');

-- --------------------------------------------------------

--
-- Table structure for table `locations`
--

CREATE TABLE `locations` (
  `id` int(10) UNSIGNED NOT NULL,
  `name` varchar(255) COLLATE utf8_unicode_ci NOT NULL,
  `lat` varchar(60) COLLATE utf8_unicode_ci NOT NULL,
  `lon` varchar(60) COLLATE utf8_unicode_ci NOT NULL,
  `zoom` int(11) NOT NULL,
  `created_at` timestamp NULL DEFAULT NULL,
  `updated_at` timestamp NULL DEFAULT NULL
) ENGINE=InnoDB DEFAULT CHARSET=utf8 COLLATE=utf8_unicode_ci;

--
-- Dumping data for table `locations`
--

INSERT INTO `locations` (`id`, `name`, `lat`, `lon`, `zoom`, `created_at`, `updated_at`) VALUES
(1, 'ยูเนี่ยน มอลล์ เขต จตุจักร ประเทศไทย', '13.8137992', '100.56169449999993', 17, '2016-03-21 14:40:17', '2016-03-21 14:40:17'),
(2, 'เซ็นทรัลปิ่นเกล้า ถนน บรมราชชนนี กรุงเทพมหานคร ประเทศไทย', '13.7702706', '100.48161640000001', 17, '2016-03-21 14:42:49', '2016-03-21 14:42:49'),
(3, 'เมเจอร์รัชโยธิน กรุงเทพมหานคร ประเทศไทย', '13.8275262', '100.56799839999996', 17, '2016-03-21 14:45:02', '2016-03-21 14:45:02'),
(4, 'นครหลวงการแพทย์ กรุงเทพมหานคร ประเทศไทย', '13.7666235', '100.48672540000007', 17, '2016-03-22 15:48:42', '2016-03-22 15:48:42'),
(5, 'ดิเอ็มคลอเทียร ซอย สุขุมวิท 35 กรุงเทพมหานคร ประเทศไทย', '13.7337509', '100.56973859999994', 17, '2016-03-22 15:56:57', '2016-03-22 15:56:57'),
(6, 'Super Sports ถนน เพลินจิต กรุงเทพมหานคร ประเทศไทย', '13.7443816', '100.54446499999995', 17, '2016-03-26 13:47:10', '2016-03-26 13:47:10'),
(7, 'ดอนเมือง เขต ดอนเมือง กรุงเทพมหานคร ประเทศไทย', '13.9245384', '100.6038701', 17, '2016-03-27 06:51:39', '2016-03-27 06:51:39'),
(8, 'สุขุมวิท 22 เขต คลองเตย กรุงเทพมหานคร ประเทศไทย', '13.71186', '100.59520470000007', 17, '2016-03-27 06:55:03', '2016-03-27 06:55:03'),
(9, 'ทองหล่อ คลาสสิค โฮม เขต คลองเตย กรุงเทพมหานคร ประเทศไทย', '13.7421953', '100.55295999999998', 17, '2016-03-27 06:58:45', '2016-03-27 06:58:45'),
(10, 'หาดบางแสน ตำบล แสนสุข ชลบุรี ประเทศไทย', '13.2835197', '100.91513789999999', 13, '2016-03-27 07:03:56', '2016-03-27 07:03:56'),
(11, 'บางแสน บางแสนสาย 1 ตำบล แสนสุข ชลบุรี ประเทศไทย', '13.288018', '100.91212629999995', 17, '2016-03-27 07:06:42', '2016-03-27 07:06:42'),
(12, 'ไทยประกันชีวิต เขต ดินแดง กรุงเทพมหานคร ประเทศไทย', '13.7678787', '100.56996200000003', 19, '2016-03-27 14:21:09', '2016-03-27 14:21:09'),
(13, 'รางน้ำลิสซิ่ง เขต พญาไท กรุงเทพมหานคร ประเทศไทย', '13.7600742', '100.53961419999996', 17, '2016-03-27 14:35:22', '2016-03-27 14:35:22'),
(14, 'หาดตื้น คลื่นสวย รีสอร์ท ออฟฟิส กทม. เขต บางรัก กรุงเทพมหานคร ประเทศไทย', '13.7246201', '100.52365729999997', 17, '2016-03-27 14:47:48', '2016-03-27 14:47:48'),
(15, 'บินิเจอร์ กรุงเทพมหานคร ประเทศไทย', '13.7648061', '100.53926120000006', 17, '2016-03-27 14:51:44', '2016-03-27 14:51:44'),
(16, 'กลาเมอรัส เขต ราชเทวี กรุงเทพมหานคร ประเทศไทย', '13.7502376', '100.53965549999998', 17, '2016-03-27 14:54:13', '2016-03-27 14:54:13'),
(17, 'สนามเป้า เขต พญาไท กรุงเทพมหานคร ประเทศไทย', '13.7723637', '100.54203800000005', 17, '2016-03-27 14:56:54', '2016-03-27 14:56:54'),
(18, 'บางรัก โฟโต้เอ็กซ์เพรส เขต บางรัก ประเทศไทย', '13.7220857', '100.51693190000003', 17, '2016-03-29 13:33:43', '2016-03-29 13:33:43');

-- --------------------------------------------------------

--
-- Table structure for table `migrations`
--

CREATE TABLE `migrations` (
  `migration` varchar(255) COLLATE utf8_unicode_ci NOT NULL,
  `batch` int(11) NOT NULL
) ENGINE=InnoDB DEFAULT CHARSET=utf8 COLLATE=utf8_unicode_ci;

--
-- Dumping data for table `migrations`
--

INSERT INTO `migrations` (`migration`, `batch`) VALUES
('2014_10_12_000000_create_users_table', 1),
('2014_10_12_100000_create_password_resets_table', 1),
('2016_02_24_111212_create_articals_table', 1),
('2016_02_29_172208_articles_add_user_id', 1),
('2016_03_04_120512_create_tags_table', 1),
('2016_03_04_125036_article_add_image', 1),
('2016_03_07_123224_create_events_table', 1),
('2016_03_10_162743_events_add_detail_slug_brief', 1),
('2016_03_13_122403_create_brand_table', 1),
('2016_03_13_124624_create_social_table', 1),
('2016_03_13_125403_create_branch_table', 1),
('2016_03_13_130039_events_brand_deleted_at', 1),
('2016_03_20_091916_categories_add_category_type', 1),
('2016_03_20_140655_create_locations_table', 1),
('2016_03_20_144711_events_add_active_now', 1),
('2016_03_20_173312_create_event_branch', 1),
('2016_03_22_104458_events_rename_column_active', 2);

-- --------------------------------------------------------

--
-- Table structure for table `password_resets`
--

CREATE TABLE `password_resets` (
  `email` varchar(255) COLLATE utf8_unicode_ci NOT NULL,
  `token` varchar(255) COLLATE utf8_unicode_ci NOT NULL,
  `created_at` timestamp NOT NULL DEFAULT CURRENT_TIMESTAMP ON UPDATE CURRENT_TIMESTAMP
) ENGINE=InnoDB DEFAULT CHARSET=utf8 COLLATE=utf8_unicode_ci;

-- --------------------------------------------------------

--
-- Table structure for table `social`
--

CREATE TABLE `social` (
  `id` int(10) UNSIGNED NOT NULL,
  `fbid` varchar(255) COLLATE utf8_unicode_ci NOT NULL,
  `name` varchar(255) COLLATE utf8_unicode_ci NOT NULL,
  `token` varchar(255) COLLATE utf8_unicode_ci NOT NULL,
  `created_at` timestamp NULL DEFAULT NULL,
  `updated_at` timestamp NULL DEFAULT NULL
) ENGINE=InnoDB DEFAULT CHARSET=utf8 COLLATE=utf8_unicode_ci;

-- --------------------------------------------------------

--
-- Table structure for table `tags`
--

CREATE TABLE `tags` (
  `id` int(10) UNSIGNED NOT NULL,
  `name` varchar(255) COLLATE utf8_unicode_ci NOT NULL,
  `tag` varchar(255) COLLATE utf8_unicode_ci NOT NULL,
  `created_at` timestamp NULL DEFAULT NULL,
  `updated_at` timestamp NULL DEFAULT NULL
) ENGINE=InnoDB DEFAULT CHARSET=utf8 COLLATE=utf8_unicode_ci;

--
-- Dumping data for table `tags`
--

INSERT INTO `tags` (`id`, `name`, `tag`, `created_at`, `updated_at`) VALUES
(1, 'hello World', 'hello-world', '2016-03-21 14:37:32', '2016-03-21 14:37:32'),
(2, ' quotes', 'quotes', '2016-03-21 14:37:32', '2016-03-21 14:37:32'),
(3, ' inspiration', 'inspiration', '2016-03-21 14:37:32', '2016-03-21 14:37:32'),
(4, 'blanch', 'blanch', '2016-03-22 15:48:42', '2016-03-22 15:48:42'),
(5, 'ดอนเมือง', '', '2016-03-27 06:51:39', '2016-03-27 06:51:39'),
(6, 'สุขุมวิท', '', '2016-03-27 06:55:02', '2016-03-27 06:55:02'),
(7, 'ทองหล่อ', '', '2016-03-27 06:58:44', '2016-03-27 06:58:44'),
(8, 'Beach Gallery', 'beach-gallery', '2016-03-27 07:03:55', '2016-03-27 07:03:55'),
(9, 'Bikini', 'bikini', '2016-03-27 07:06:41', '2016-03-27 07:06:41'),
(10, ' Summer', 'summer', '2016-03-27 14:21:09', '2016-03-27 14:21:09'),
(11, 'Sale', 'sale', '2016-03-27 14:21:09', '2016-03-27 14:21:09'),
(12, 'Promotion', 'promotion', '2016-03-27 14:35:22', '2016-03-27 14:35:22'),
(13, 'Summer Sale', 'summer-sale', '2016-03-27 14:35:22', '2016-03-27 14:35:22'),
(14, 'X2', 'x2', '2016-03-27 14:47:48', '2016-03-27 14:47:48'),
(15, 'Event', 'event', '2016-03-29 13:33:42', '2016-03-29 13:33:42'),
(16, 'Gllery', 'gllery', '2016-03-29 13:33:42', '2016-03-29 13:33:42');

-- --------------------------------------------------------

--
-- Table structure for table `users`
--

CREATE TABLE `users` (
  `id` int(10) UNSIGNED NOT NULL,
  `name` varchar(255) COLLATE utf8_unicode_ci NOT NULL,
  `email` varchar(255) COLLATE utf8_unicode_ci NOT NULL,
  `password` varchar(60) COLLATE utf8_unicode_ci NOT NULL,
  `remember_token` varchar(100) COLLATE utf8_unicode_ci DEFAULT NULL,
  `created_at` timestamp NULL DEFAULT NULL,
  `updated_at` timestamp NULL DEFAULT NULL
) ENGINE=InnoDB DEFAULT CHARSET=utf8 COLLATE=utf8_unicode_ci;

--
-- Dumping data for table `users`
--

INSERT INTO `users` (`id`, `name`, `email`, `password`, `remember_token`, `created_at`, `updated_at`) VALUES
(1, 'bundit', 'kissing-bear@hotmail.com', '$2y$10$4obQLEwbu9mIu8t06HpofeKOB6VU8NYultZAf4KVkeTdX1MIeWs4m', 'p9XV32j6K7agw1LMgsW1LLon21R60F8CMtc5k9oJKyWQXHFw1xpYYCKjcGOw', '2016-03-21 14:35:53', '2016-03-29 13:20:41');

--
-- Indexes for dumped tables
--

--
-- Indexes for table `articles`
--
ALTER TABLE `articles`
  ADD PRIMARY KEY (`id`),
  ADD KEY `articles_user_id_foreign` (`user_id`);

--
-- Indexes for table `article_tag`
--
ALTER TABLE `article_tag`
  ADD KEY `article_tag_article_id_index` (`article_id`),
  ADD KEY `article_tag_tag_id_index` (`tag_id`);

--
-- Indexes for table `branch`
--
ALTER TABLE `branch`
  ADD PRIMARY KEY (`id`);

--
-- Indexes for table `brand`
--
ALTER TABLE `brand`
  ADD PRIMARY KEY (`id`);

--
-- Indexes for table `brand_branch`
--
ALTER TABLE `brand_branch`
  ADD KEY `brand_branch_brand_id_index` (`brand_id`),
  ADD KEY `brand_branch_branch_id_index` (`branch_id`);

--
-- Indexes for table `brand_social`
--
ALTER TABLE `brand_social`
  ADD KEY `brand_social_brand_id_index` (`brand_id`),
  ADD KEY `brand_social_social_id_index` (`social_id`);

--
-- Indexes for table `categories`
--
ALTER TABLE `categories`
  ADD PRIMARY KEY (`id`);

--
-- Indexes for table `events`
--
ALTER TABLE `events`
  ADD PRIMARY KEY (`id`),
  ADD UNIQUE KEY `events_url_slug_unique` (`url_slug`),
  ADD KEY `events_user_id_foreign` (`user_id`),
  ADD KEY `events_brand_id_foreign` (`brand_id`) USING BTREE;

--
-- Indexes for table `event_branch`
--
ALTER TABLE `event_branch`
  ADD KEY `event_branch_event_id_index` (`event_id`),
  ADD KEY `event_branch_branch_id_index` (`branch_id`);

--
-- Indexes for table `event_category`
--
ALTER TABLE `event_category`
  ADD KEY `event_category_event_id_index` (`event_id`),
  ADD KEY `event_category_cate_id_index` (`cate_id`);

--
-- Indexes for table `event_gallery`
--
ALTER TABLE `event_gallery`
  ADD KEY `event_gallery_event_id_index` (`event_id`),
  ADD KEY `event_gallery_gallery_id_index` (`gallery_id`);

--
-- Indexes for table `event_location`
--
ALTER TABLE `event_location`
  ADD KEY `event_location_event_id_index` (`event_id`),
  ADD KEY `event_location_location_id_index` (`location_id`);

--
-- Indexes for table `event_tag`
--
ALTER TABLE `event_tag`
  ADD KEY `event_tag_event_id_index` (`event_id`),
  ADD KEY `event_tag_tag_id_index` (`tag_id`);

--
-- Indexes for table `galleries`
--
ALTER TABLE `galleries`
  ADD PRIMARY KEY (`id`);

--
-- Indexes for table `locations`
--
ALTER TABLE `locations`
  ADD PRIMARY KEY (`id`);

--
-- Indexes for table `password_resets`
--
ALTER TABLE `password_resets`
  ADD KEY `password_resets_email_index` (`email`),
  ADD KEY `password_resets_token_index` (`token`);

--
-- Indexes for table `social`
--
ALTER TABLE `social`
  ADD PRIMARY KEY (`id`);

--
-- Indexes for table `tags`
--
ALTER TABLE `tags`
  ADD PRIMARY KEY (`id`);

--
-- Indexes for table `users`
--
ALTER TABLE `users`
  ADD PRIMARY KEY (`id`),
  ADD UNIQUE KEY `users_email_unique` (`email`);

--
-- AUTO_INCREMENT for dumped tables
--

--
-- AUTO_INCREMENT for table `articles`
--
ALTER TABLE `articles`
  MODIFY `id` int(10) UNSIGNED NOT NULL AUTO_INCREMENT;
--
-- AUTO_INCREMENT for table `branch`
--
ALTER TABLE `branch`
  MODIFY `id` int(10) UNSIGNED NOT NULL AUTO_INCREMENT, AUTO_INCREMENT=5;
--
-- AUTO_INCREMENT for table `brand`
--
ALTER TABLE `brand`
  MODIFY `id` int(10) UNSIGNED NOT NULL AUTO_INCREMENT, AUTO_INCREMENT=5;
--
-- AUTO_INCREMENT for table `categories`
--
ALTER TABLE `categories`
  MODIFY `id` int(10) UNSIGNED NOT NULL AUTO_INCREMENT;
--
-- AUTO_INCREMENT for table `events`
--
ALTER TABLE `events`
  MODIFY `id` int(10) UNSIGNED NOT NULL AUTO_INCREMENT, AUTO_INCREMENT=24;
--
-- AUTO_INCREMENT for table `galleries`
--
ALTER TABLE `galleries`
  MODIFY `id` int(10) UNSIGNED NOT NULL AUTO_INCREMENT, AUTO_INCREMENT=143;
--
-- AUTO_INCREMENT for table `locations`
--
ALTER TABLE `locations`
  MODIFY `id` int(10) UNSIGNED NOT NULL AUTO_INCREMENT, AUTO_INCREMENT=19;
--
-- AUTO_INCREMENT for table `social`
--
ALTER TABLE `social`
  MODIFY `id` int(10) UNSIGNED NOT NULL AUTO_INCREMENT;
--
-- AUTO_INCREMENT for table `tags`
--
ALTER TABLE `tags`
  MODIFY `id` int(10) UNSIGNED NOT NULL AUTO_INCREMENT, AUTO_INCREMENT=17;
--
-- AUTO_INCREMENT for table `users`
--
ALTER TABLE `users`
  MODIFY `id` int(10) UNSIGNED NOT NULL AUTO_INCREMENT, AUTO_INCREMENT=2;
--
-- Constraints for dumped tables
--

--
-- Constraints for table `articles`
--
ALTER TABLE `articles`
  ADD CONSTRAINT `articles_user_id_foreign` FOREIGN KEY (`user_id`) REFERENCES `users` (`id`) ON DELETE CASCADE;

--
-- Constraints for table `article_tag`
--
ALTER TABLE `article_tag`
  ADD CONSTRAINT `article_tag_article_id_foreign` FOREIGN KEY (`article_id`) REFERENCES `articles` (`id`) ON DELETE CASCADE,
  ADD CONSTRAINT `article_tag_tag_id_foreign` FOREIGN KEY (`tag_id`) REFERENCES `tags` (`id`) ON DELETE CASCADE;

--
-- Constraints for table `brand_branch`
--
ALTER TABLE `brand_branch`
  ADD CONSTRAINT `brand_branch_branch_id_foreign` FOREIGN KEY (`branch_id`) REFERENCES `branch` (`id`) ON DELETE CASCADE,
  ADD CONSTRAINT `brand_branch_brand_id_foreign` FOREIGN KEY (`brand_id`) REFERENCES `brand` (`id`) ON DELETE CASCADE;

--
-- Constraints for table `brand_social`
--
ALTER TABLE `brand_social`
  ADD CONSTRAINT `brand_social_brand_id_foreign` FOREIGN KEY (`brand_id`) REFERENCES `brand` (`id`) ON DELETE CASCADE,
  ADD CONSTRAINT `brand_social_social_id_foreign` FOREIGN KEY (`social_id`) REFERENCES `social` (`id`) ON DELETE CASCADE;

--
-- Constraints for table `events`
--
ALTER TABLE `events`
  ADD CONSTRAINT `events_user_id_foreign` FOREIGN KEY (`user_id`) REFERENCES `users` (`id`) ON DELETE CASCADE;

--
-- Constraints for table `event_branch`
--
ALTER TABLE `event_branch`
  ADD CONSTRAINT `event_branch_branch_id_foreign` FOREIGN KEY (`branch_id`) REFERENCES `branch` (`id`) ON DELETE CASCADE,
  ADD CONSTRAINT `event_branch_event_id_foreign` FOREIGN KEY (`event_id`) REFERENCES `events` (`id`) ON DELETE CASCADE;

--
-- Constraints for table `event_category`
--
ALTER TABLE `event_category`
  ADD CONSTRAINT `event_category_cate_id_foreign` FOREIGN KEY (`cate_id`) REFERENCES `categories` (`id`) ON DELETE CASCADE,
  ADD CONSTRAINT `event_category_event_id_foreign` FOREIGN KEY (`event_id`) REFERENCES `events` (`id`) ON DELETE CASCADE;

--
-- Constraints for table `event_gallery`
--
ALTER TABLE `event_gallery`
  ADD CONSTRAINT `event_gallery_event_id_foreign` FOREIGN KEY (`event_id`) REFERENCES `events` (`id`) ON DELETE CASCADE,
  ADD CONSTRAINT `event_gallery_gallery_id_foreign` FOREIGN KEY (`gallery_id`) REFERENCES `galleries` (`id`) ON DELETE CASCADE;

--
-- Constraints for table `event_location`
--
ALTER TABLE `event_location`
  ADD CONSTRAINT `event_location_event_id_foreign` FOREIGN KEY (`event_id`) REFERENCES `events` (`id`) ON DELETE CASCADE,
  ADD CONSTRAINT `event_location_location_id_foreign` FOREIGN KEY (`location_id`) REFERENCES `locations` (`id`) ON DELETE CASCADE;

--
-- Constraints for table `event_tag`
--
ALTER TABLE `event_tag`
  ADD CONSTRAINT `event_tag_event_id_foreign` FOREIGN KEY (`event_id`) REFERENCES `events` (`id`) ON DELETE CASCADE,
  ADD CONSTRAINT `event_tag_tag_id_foreign` FOREIGN KEY (`tag_id`) REFERENCES `tags` (`id`) ON DELETE CASCADE;

/*!40101 SET CHARACTER_SET_CLIENT=@OLD_CHARACTER_SET_CLIENT */;
/*!40101 SET CHARACTER_SET_RESULTS=@OLD_CHARACTER_SET_RESULTS */;
/*!40101 SET COLLATION_CONNECTION=@OLD_COLLATION_CONNECTION */;
