-- phpMyAdmin SQL Dump
-- version 4.5.1
-- http://www.phpmyadmin.net
--
-- Host: 127.0.0.1
-- Generation Time: Apr 25, 2016 at 09:32 AM
-- Server version: 10.1.9-MariaDB
-- PHP Version: 5.6.15

SET SQL_MODE = "NO_AUTO_VALUE_ON_ZERO";
SET time_zone = "+00:00";


/*!40101 SET @OLD_CHARACTER_SET_CLIENT=@@CHARACTER_SET_CLIENT */;
/*!40101 SET @OLD_CHARACTER_SET_RESULTS=@@CHARACTER_SET_RESULTS */;
/*!40101 SET @OLD_COLLATION_CONNECTION=@@COLLATION_CONNECTION */;
/*!40101 SET NAMES utf8mb4 */;

--
-- Database: `promotions`
--

-- --------------------------------------------------------

--
-- Table structure for table `articles`
--

CREATE TABLE `articles` (
  `id` int(10) UNSIGNED NOT NULL,
  `title` text COLLATE utf8_unicode_ci NOT NULL,
  `body` text COLLATE utf8_unicode_ci NOT NULL,
  `created_at` timestamp NULL DEFAULT NULL,
  `updated_at` timestamp NULL DEFAULT NULL,
  `published_at` timestamp NOT NULL DEFAULT '0000-00-00 00:00:00',
  `user_id` int(10) UNSIGNED NOT NULL DEFAULT '1',
  `image` varchar(255) COLLATE utf8_unicode_ci DEFAULT NULL
) ENGINE=InnoDB DEFAULT CHARSET=utf8 COLLATE=utf8_unicode_ci;

-- --------------------------------------------------------

--
-- Table structure for table `article_tag`
--

CREATE TABLE `article_tag` (
  `article_id` int(10) UNSIGNED NOT NULL,
  `tag_id` int(10) UNSIGNED NOT NULL,
  `created_at` timestamp NULL DEFAULT NULL,
  `updated_at` timestamp NULL DEFAULT NULL
) ENGINE=InnoDB DEFAULT CHARSET=utf8 COLLATE=utf8_unicode_ci;

-- --------------------------------------------------------

--
-- Table structure for table `branch`
--

CREATE TABLE `branch` (
  `id` int(10) UNSIGNED NOT NULL,
  `name` varchar(255) COLLATE utf8_unicode_ci NOT NULL,
  `image` varchar(255) COLLATE utf8_unicode_ci NOT NULL,
  `lat` varchar(60) COLLATE utf8_unicode_ci NOT NULL,
  `lon` varchar(60) COLLATE utf8_unicode_ci NOT NULL,
  `detail` text COLLATE utf8_unicode_ci NOT NULL,
  `created_at` timestamp NULL DEFAULT NULL,
  `updated_at` timestamp NULL DEFAULT NULL
) ENGINE=InnoDB DEFAULT CHARSET=utf8 COLLATE=utf8_unicode_ci;

--
-- Dumping data for table `branch`
--

INSERT INTO `branch` (`id`, `name`, `image`, `lat`, `lon`, `detail`, `created_at`, `updated_at`) VALUES
(1, 'เซ็นทรัลลาดพร้าว', '', '13.8167454', '100.56087009999999', 'เซ็นทรัลลาดพร้าว', '2016-03-21 17:00:00', '2016-03-21 17:00:00'),
(2, 'เดอะมอลล์บางกะปิ', '', '13.7646306', '100.64309330000003', 'เดอะมอลล์บางกะปิ', '2016-03-21 17:00:00', '2016-03-21 17:00:00'),
(3, 'เซ็นทรัลเวิลด์', '', '13.7467873', '100.53919180000003', 'เซ็นทรัลเวิลด์', '2016-03-21 17:00:00', '2016-03-21 17:00:00'),
(4, 'เซ็นทรัลปิ่นเกล้า', '', '13.7780573', '100.47666279999999', 'เซ็นทรัลปิ่นเกล้า', '2016-03-21 17:00:00', '2016-03-21 17:00:00');

-- --------------------------------------------------------

--
-- Table structure for table `brand`
--

CREATE TABLE `brand` (
  `id` int(10) UNSIGNED NOT NULL,
  `name` varchar(255) COLLATE utf8_unicode_ci NOT NULL,
  `url_slug` varchar(100) COLLATE utf8_unicode_ci NOT NULL,
  `logo_image` varchar(255) COLLATE utf8_unicode_ci DEFAULT NULL,
  `cover_image` varchar(255) COLLATE utf8_unicode_ci DEFAULT NULL,
  `slogan` varchar(255) COLLATE utf8_unicode_ci DEFAULT NULL,
  `detail` text COLLATE utf8_unicode_ci,
  `facebook` varchar(255) COLLATE utf8_unicode_ci DEFAULT NULL,
  `twitter` varchar(255) COLLATE utf8_unicode_ci DEFAULT NULL,
  `line_officail` varchar(255) COLLATE utf8_unicode_ci DEFAULT NULL,
  `youtube` varchar(255) COLLATE utf8_unicode_ci DEFAULT NULL,
  `approve_status` enum('Y','N') COLLATE utf8_unicode_ci NOT NULL DEFAULT 'Y',
  `created_at` timestamp NULL DEFAULT NULL,
  `updated_at` timestamp NULL DEFAULT NULL,
  `deleted_at` timestamp NULL DEFAULT NULL
) ENGINE=InnoDB DEFAULT CHARSET=utf8 COLLATE=utf8_unicode_ci;

--
-- Dumping data for table `brand`
--

INSERT INTO `brand` (`id`, `name`, `url_slug`, `logo_image`, `cover_image`, `slogan`, `detail`, `facebook`, `twitter`, `line_officail`, `youtube`, `approve_status`, `created_at`, `updated_at`, `deleted_at`) VALUES
(1, 'Big Camera', 'big-camera', NULL, NULL, 'Big Camera', 'Big Camera', NULL, NULL, NULL, NULL, 'Y', '2016-03-21 17:00:00', '2016-03-24 17:00:00', NULL),
(2, 'World Camera', 'world-camera', NULL, NULL, 'World Camera', 'World Camera', NULL, NULL, NULL, NULL, 'Y', '2016-03-21 17:00:00', '2016-03-21 17:00:00', NULL),
(3, 'Zoom Camera', 'zoom-camera', NULL, NULL, 'Zoom Camera', 'Zoom Camera', NULL, NULL, NULL, NULL, 'Y', '2016-03-21 17:00:00', '2016-03-21 17:00:00', NULL),
(4, 'Super Sport', 'super-sport', NULL, NULL, 'Super Sport', 'Super Sport', NULL, NULL, NULL, NULL, 'Y', '2016-03-24 17:00:00', '2016-03-24 17:00:00', NULL);

-- --------------------------------------------------------

--
-- Table structure for table `brand_branch`
--

CREATE TABLE `brand_branch` (
  `brand_id` int(10) UNSIGNED NOT NULL,
  `branch_id` int(10) UNSIGNED NOT NULL,
  `created_at` timestamp NULL DEFAULT NULL,
  `updated_at` timestamp NULL DEFAULT NULL
) ENGINE=InnoDB DEFAULT CHARSET=utf8 COLLATE=utf8_unicode_ci;

--
-- Dumping data for table `brand_branch`
--

INSERT INTO `brand_branch` (`brand_id`, `branch_id`, `created_at`, `updated_at`) VALUES
(1, 1, '2016-03-21 17:00:00', '2016-03-21 17:00:00'),
(1, 2, '2016-03-21 17:00:00', '2016-03-21 17:00:00'),
(1, 3, '2016-03-21 17:00:00', '2016-03-21 17:00:00'),
(1, 4, '2016-03-21 17:00:00', '2016-03-21 17:00:00'),
(2, 1, '2016-03-21 17:00:00', '2016-03-21 17:00:00'),
(3, 1, '2016-03-22 17:00:00', '2016-03-22 17:00:00'),
(3, 3, '2016-03-22 17:00:00', '2016-03-22 17:00:00'),
(4, 1, '2016-03-24 17:00:00', '2016-03-24 17:00:00');

-- --------------------------------------------------------

--
-- Table structure for table `brand_category`
--

CREATE TABLE `brand_category` (
  `brand_id` int(10) UNSIGNED NOT NULL,
  `cate_id` int(10) UNSIGNED NOT NULL,
  `created_at` timestamp NULL DEFAULT NULL,
  `updated_at` timestamp NULL DEFAULT NULL
) ENGINE=InnoDB DEFAULT CHARSET=utf8 COLLATE=utf8_unicode_ci;

-- --------------------------------------------------------

--
-- Table structure for table `brand_social`
--

CREATE TABLE `brand_social` (
  `brand_id` int(10) UNSIGNED NOT NULL,
  `social_id` int(10) UNSIGNED NOT NULL,
  `created_at` timestamp NULL DEFAULT NULL,
  `updated_at` timestamp NULL DEFAULT NULL
) ENGINE=InnoDB DEFAULT CHARSET=utf8 COLLATE=utf8_unicode_ci;

-- --------------------------------------------------------

--
-- Table structure for table `categories`
--

CREATE TABLE `categories` (
  `id` int(10) UNSIGNED NOT NULL,
  `name` varchar(255) COLLATE utf8_unicode_ci NOT NULL,
  `category` varchar(255) COLLATE utf8_unicode_ci NOT NULL,
  `category_type` enum('event','brand') COLLATE utf8_unicode_ci NOT NULL,
  `icon` varchar(60) COLLATE utf8_unicode_ci DEFAULT NULL,
  `created_at` timestamp NULL DEFAULT NULL,
  `updated_at` timestamp NULL DEFAULT NULL
) ENGINE=InnoDB DEFAULT CHARSET=utf8 COLLATE=utf8_unicode_ci;

--
-- Dumping data for table `categories`
--

INSERT INTO `categories` (`id`, `name`, `category`, `category_type`, `icon`, `created_at`, `updated_at`) VALUES
(1, 'Computer / IT', 'computer', 'event', NULL, '2016-03-27 17:00:00', '2016-03-27 17:00:00'),
(2, 'เฟอร์นิเจอร์ / ของใช้ในบ้าน', 'furniture', 'event', NULL, '2016-03-27 17:00:00', '2016-03-27 17:00:00'),
(3, 'บันเทิง / ดนตรี / ภาพยนตร์', 'entertainment', 'event', NULL, '2016-03-27 17:00:00', '2016-03-27 17:00:00'),
(4, 'การเงิน-ธนาคาร', 'money-bank', 'event', NULL, NULL, NULL),
(5, 'บ้าน / คอนโด', 'home-condo', 'event', NULL, NULL, NULL),
(6, 'ยานยนต์', 'automotive', 'event', NULL, NULL, NULL),
(7, 'สุขภาพ / ร่างกาย', 'health', 'event', NULL, NULL, NULL),
(8, 'หนังสือ / เครื่องเขียน', 'book-stationery', 'event', NULL, NULL, NULL),
(9, 'กล้อง / ถ่ายภาพ', 'camera-photograph', 'event', NULL, NULL, NULL),
(10, 'ของขวัญ', 'gift', 'event', NULL, NULL, NULL),
(11, 'เครื่องใช้สำนักงาน', 'office-supplies', 'event', NULL, NULL, NULL),
(12, 'เด็ก', 'kids', 'event', NULL, NULL, NULL),
(13, 'สัตว์เลี้ยง', 'pet', 'event', NULL, NULL, NULL),
(14, 'การศึกษา', 'education', 'event', NULL, NULL, NULL),
(15, 'เครื่องอุปโภคบริโภค', 'consumer-goods', 'event', NULL, NULL, NULL),
(16, 'อาหาร / เครื่องดื่ม', 'food-drink', 'brand', NULL, NULL, NULL),
(17, 'เสื้อผ้า / แฟชั่น / เครื่องประดับ', 'clothes', 'brand', NULL, NULL, NULL),
(18, 'เครื่องสำอาง / ความงาม', 'cosmetic', 'brand', NULL, NULL, NULL),
(19, 'ห้างฯ / ซูเปอร์มาเก็ต', 'Supermarket', 'brand', NULL, NULL, NULL),
(20, 'สายการบิน / การเดินทาง', 'airline', 'brand', NULL, NULL, NULL),
(21, 'กีฬา', 'sport', 'brand', NULL, NULL, NULL),
(22, 'มือถือ / สื่อสาร', 'mobile', 'brand', NULL, NULL, NULL),
(23, 'เครื่องใช้ไฟฟ้า', 'electronics', 'brand', NULL, NULL, NULL),
(24, 'ท่องเที่ยว / ที่พัก / โรงแรม / รีสอร์ท', 'travel', 'brand', NULL, NULL, NULL);

-- --------------------------------------------------------

--
-- Table structure for table `events`
--

CREATE TABLE `events` (
  `id` int(10) UNSIGNED NOT NULL,
  `title` text COLLATE utf8_unicode_ci NOT NULL,
  `url_slug` varchar(100) COLLATE utf8_unicode_ci DEFAULT NULL,
  `image` varchar(255) COLLATE utf8_unicode_ci DEFAULT NULL,
  `brief` varchar(255) COLLATE utf8_unicode_ci DEFAULT NULL,
  `description` text COLLATE utf8_unicode_ci NOT NULL,
  `start_date` date NOT NULL DEFAULT '0000-00-00',
  `end_date` date NOT NULL DEFAULT '0000-00-00',
  `active` enum('Y','N') COLLATE utf8_unicode_ci NOT NULL DEFAULT 'Y',
  `published_at` date DEFAULT NULL,
  `created_at` timestamp NULL DEFAULT NULL,
  `updated_at` timestamp NULL DEFAULT NULL,
  `user_id` int(10) UNSIGNED NOT NULL DEFAULT '1',
  `brand_id` int(10) UNSIGNED NOT NULL DEFAULT '1',
  `deleted_at` timestamp NULL DEFAULT NULL
) ENGINE=InnoDB DEFAULT CHARSET=utf8 COLLATE=utf8_unicode_ci;

--
-- Dumping data for table `events`
--

INSERT INTO `events` (`id`, `title`, `url_slug`, `image`, `brief`, `description`, `start_date`, `end_date`, `active`, `published_at`, `created_at`, `updated_at`, `user_id`, `brand_id`, `deleted_at`) VALUES
(41, 'โปรโมชั่น Crocs End Of Season Sale ลดสูงสุด 50% (มีค.59)', 'crocs-end-of-season-sale', 'images/events/2016-03-30/20160330-120609-Promotion-Crocs-End-Of-Season-Sale-up-to-50-Mar.2016.jpg', 'หารองเท้าใหม่ใส่ลุยทุกที่กัน!!!…จับเข้ใส่ขาท้าลมร้อนกับ Crocs รองเท้าใส่สบายไม่กลัวน้ำกับช่วงโปรโมชั่นสุดคุ้มต้อนรับซัมเมอร์ปี 59 ลดกันจุใจกับ \r\nโปรโมชั่น Crocs End Of Season Sale ลดสูงสุด 50% (มีค.59) งานนี้ช้อปกระจายกับ รองเท้า Crocs หลายรุ่นหลายแบบลดกั', '<div style="" id="stcpDiv"><span style="font-weight: bold;">จับ\r\nเข้ใส่ขาท้าลมร้อน!!!….ช้อปกระจายกับเซลใหญ่จาก Crocs \r\nรองเท้าสวยๆใส่สบายๆไม่กลัวน้ำลดสูงสุด 50%<br><br></span><div style="" id="stcpDiv">หารองเท้าใหม่ใส่ลุยทุกที่กัน!!!…จับเข้ใส่ขาท้าลมร้อนกับ <strong><span style="color: #02a952;">Crocs</span></strong> รองเท้าใส่สบายไม่กลัวน้ำกับช่วงโปรโมชั่นสุดคุ้มต้อนรับซัมเมอร์ปี 59 ลดกันจุใจกับ<strong><span style="color: #ff2600;"> โปรโมชั่น Crocs End Of Season Sale ลดสูงสุด 50% (มีค.59) </span></strong>งานนี้ช้อปกระจายกับ <strong>รองเท้า <span style="color: #02a952;">Crocs</span> หลายรุ่นหลายแบบลดกันจุใจสูงสุด 50%<br><br></strong></div><div style="" id="stcpDiv">เลือกกันให้ดีๆเพราะงานนี้ <strong><span style="color: #02a952;">Crocs</span></strong> เค้าลดเฉพาะรุ่นที่ร่วมรายการเท่านั้นนะจ๊ะ แต่ไม่ต้องเสียใจไปนะ งานนี้มีรองเท้า <strong><span style="color: #02a952;">Crocs</span></strong> หลายรุ่นทั้งของผู้ใหญ่และเด็กให้เลือกเยอะเลยทีเดียว!! <strong>รองเท้าหัวโตลดทุกรุ่นเลยจ๊ะ!!<br><br><img class="img-responsive" src="/images/events/2016-03-30/description/20160330-120016-Promotion-Crocs-End-Of-Season-Sale-up-to-50-Mar.2016.jpg" style="width: 600px;"><br></strong><br><div style="" id="stcpDiv">ช้อป Crocs ช้อปคุ้ม!!! จับเข้ใส่เท้ากับเซลแรง<strong><span style="color: #ff2600;"> Promotion Crocs End Of Season Sale up to 50% [Mar.2016] </span></strong>เริ่มตั้งแต่วันที่ 25 มีนาคม – 17 เมษายน 2559 ที่ร้าน<strong> <strong>Crocs shop</strong> </strong>ที่ <strong>Supersports</strong> และ<strong> FIT Sports </strong>ทุกสาขาก็ร่วมรายการเช่นกันจ้าาา!!! หรือสั่งซื้อออนไลน์ได้ทาง <span style="color: #ff2600;"><strong>Central Online</strong></span><br><br><div style="" id="stcpDiv"><h3><span style="text-decoration: underline;"><span style="color: #515151;">รายชื่อสาขาและเบอร์โทรศัพท์ร้าน Crocs Shop</span></span></h3>\r\n<ul><li><span style="color: #929292;">เซ็นทรัลพลาซ่า แกรนด์ พระราม 9 ชั้น G Tel: 02-160-3462</span></li><li><span style="color: #929292;">สยามดิสคัฟเวอรี่ชั้น 3 Tel: 02-658-1111</span></li><li><span style="color: #929292;">เซ็นทรัลเวิลด์ ชั้น 3 Tel: 02-646-1947</span></li><li><span style="color: #929292;">เอ็มบีเคเซ็นเตอร์ ชั้น 2 Tel: 02-611-4574</span></li><li><span style="color: #929292;">เซ็นทรัลบางนา Tel: 02-745-7280</span></li><li><span style="color: #929292;">ซีคอนสแควร์ ชั้น G Tel: 02-720-2891</span></li><li><span style="color: #929292;">เซ็นทรัลพลาซ่า พระราม 2 ชั้น 1Tel: 02-872-4737</span></li><li><span style="color: #929292;">บางกอกแฟชั่นเอาท์เลท ชั้น G Tel: 02-630-2753</span></li><li><span style="color: #929292;">เซ็นทรัลพลาซา ปิ่นเกล้า ชั้น 2 Tel: 02-884-8342</span></li><li><span style="color: #929292;">เซ็นทรัลเฟสติวัล อีสต์วิลล์ ชั้น 1 Tel: 02-041-8532</span></li></ul>\r\n<ul><li><span style="color: #929292;">เซ็นทรัลแจ้งวัฒนะ ชั้น 2 Tel: 02-101-0824</span></li><li><span style="color: #929292;">เซ็นทรัลพลาซา เวสต์เกต ชั้น 1 Tel: 02-003-9530</span></li><li><span style="color: #929292;">เซ็นทรัลพลาซา ศาลายา ชั้น 2 Tel: 02-429-6907</span></li><li><span style="color: #929292;">หัวหิน มาร์เก็ตวิลเลจ ชั้น 1 Tel: 032-526-218</span></li></ul>\r\n<ul><li><span style="color: #929292;">รอยัลการ์เด้นพัทยา ชั้น G Tel: 038-413-294 </span></li><li><span style="color: #929292;">เซ็นทรัลเฟสติวัลพัทยาบีช ชั้น 2 Tel: 038-043169 </span></li><li><span style="color: #929292;">ชลบุรี Tel: 038-053-655 </span></li><li><span style="color: #929292;">ห้างแหลมทอง ชั้น 1 Tel: 038-611-212 </span></li><li><span style="color: #929292;">เซ็นทรัลพลาซา ระยอง ชั้น 1 Tel: 038-942-659 </span></li></ul>\r\n<ul><li><span style="color: #929292;">เซ็นทรัลแอร์พอร์ต (สนามบินเชียงใหม่) ชั้น 2 Tel: 053-277-195</span></li><li><span style="color: #929292;">เซ็นทรัลเฟสติวัลเชียงใหม่ ชั้น 2 Tel: 053-288-83</span></li></ul>\r\n<ul><li><span style="color: #929292;">ศูนย์การค้าจังซีลอน ชั้น G Tel: 076-366-819</span></li><li><span style="color: #929292;">เซ็นทรัลเฟสติวัลภูเก็ต Tel: 076-307-080</span></li><li><span style="color: #929292;">เซ็นทรัลเฟสติวัลหาดใหญ่ ชั้น 2 Tel: 074-339-894 </span></li><li><span style="color: #929292;">เซ็นทรัลเฟสติวัล สมุย ชั้น 2 Tel: 077-410-438 </span></li><li><span style="color: #929292;">เซ็นทรัลพลาซาสุราษฎร์ธานี ชั้น 1 Tel: 077-602-719</span></li></ul>\r\n<ul><li><span style="color: #929292;">เซ็นทรัลพลาซาอุดรธานี ชั้น 1 Tel: 042-921-409 </span></li><li><span style="color: #929292;">เซ็นทรัลพลาซาอุบลราชธานี ชั้น 1 Tel: 045-422-834, 045-422-835 </span></li><li><span style="color: #929292;">เซ็นทรัลพลาซาขอนแก่น ชั้น 1 Tel: 043-288-380</span></li></ul></div><br></div></div></div><div></div>', '2016-03-30', '2016-03-31', 'Y', '2016-03-30', '2016-03-30 05:06:09', '2016-03-30 05:06:09', 1, 4, NULL),
(42, 'โปรโมชั่น Sports Revolution Warehouse Sale ครั้งที่4 Nike, Under Armour, ASICS, Crocs Sale ลดสูงสุด 80%', 'sports-revolution-warehouse-sale', 'images/events/2016-03-30/20160330-125542-Promotion-Sports-Revolution-Warehouse-Sale-2016-Nike-Under-Armour-ASICS-Crocs-Sale-up-to-80-off-FULL.jpg', 'งานนี้ Sports Revolution ขนสินค้า และเสื้อผ้ากีฬาหลากหลายแบรนด์ชั้นนำอย่าง Nike, Under Armour, ASICS และ Crocs มาให้ช้อปกันแบบจุใจด้วยส่วนลดสุดสุดถึง 80% เซลใหญ่สำหรับคนรักอุปกรณ์กีฬา ลดหนัก จัดเต็ม งานใหญ่กว่าเดิม เตรียมตัวช้อปกันให้คุ้มสุดๆกับสินค้าราคา', '<div><div style="" id="stcpDiv"><div class="entry-headline"><h4>ได้เวลาเวียนกลับมาอีกครั้ง!!! Sports Revolution Warehouse Sale ครั้งที่ 4  ปีนี้ลดหนักจัดเต็มเช่นเคย!</h4>\r\n			    </div>\r\n				    \r\n	<div class="entry-content">\r\n		<p>ได้เวลาเวียนกลับมาอีกครั้ง!!! <strong><span style="color: #ff9152;">Sports Revolution Warehouse Sale ครั้งที่ 4</span></strong>  ปีนี้ลดหนักจัดเต็มเช่นเคย! ที่พิเศษกว่าปีก่อนๆนั่นก็คือปีนี้ มีแบรนด์ดังน้องใหม่อย่าง <strong>Under Arrmour </strong>ที่เพิ่งเปิดช้อปในไทยไปไม่นานมานี้ร่วมเซลหนักจัดเต็มกับเค้าด้วย!!! </p>\r\n<p> งานนี้ <strong><span style="color: #ff9152;">Sports Revolution</span></strong> ขนสินค้า และเสื้อผ้ากีฬาหลากหลายแบรนด์ชั้นนำอย่าง<strong><span style="color: #ff2600;"> Nike, Under Armour, ASICS และ Crocs</span></strong> <strong>มาให้ช้อปกันแบบจุใจด้วยส่วนลดสุดสุดถึง 80%</strong> เซลใหญ่สำหรับคนรักอุปกรณ์กีฬา ลดหนัก จัดเต็ม งานใหญ่กว่าเดิม เตรียมตัวช้อปกันให้คุ้มสุดๆกับสินค้าราคาสุดพิเศษ!!!</p><div style="" id="stcpDiv"><p>พร้อมรับสิทธิพิเศษสำหรับสมาชิก<strong> บัตรเครดิตลดเพิ่ม / เงินคืนสูงสุด 15%</strong> <em><span style="color: #4894ff;">(ตามเงื่อนไข / ตรวจสอบ ณ จุดขาย)</span></em></p>\r\n<ul><li><strong>Citibank , Citi M Visa </strong>รับเงินคืนสูงสุด 15%</li><li><strong>SCB </strong>ลดเพิ่มสูงสุด 15%</li><li><strong>Kbank</strong> ลดเพิ่มสูงสุด 13%</li><li><strong>KTC </strong>ลดเพิ่มสูงสุด 15%</li><li><strong>ธนาคารกรุงเทพ</strong> ลดเพิ่ม 15% <em><span style="color: #929292;">(เฉพาะศุกร์, เสาร์ และ อาทิตย์)</span></em></li><li><strong>Krungsri</strong> ลดเพิ่มสูงสุด 15% <em><span style="color: #929292;">(เฉพาะบัตรกรุงศรี เลดี้ ไททาเนียม)</span></em></li></ul>\r\n<p>เตรียมตัวเริ่มช้อประเบิดกระเป๋าตังค์กับงาน <strong><span style="color: #ff9152;">Promotion Sports Revolution Warehouse Sale 2016 Nike, Under Armour, ASICS, Crocs Sale up to 80% off</span></strong> ได้ตั้งแต่วันที่ 2 – 10 เมษายน 2559 ระหว่างเวลา 10:00 – 22:00 น. ได้ที่ <strong>Q stadium, MF, The Emquatier </strong>                             </p>\r\n </div></div></div></div>', '2016-04-02', '2016-04-10', 'Y', '2016-03-30', '2016-03-30 05:55:42', '2016-03-30 05:55:42', 1, 4, NULL),
(43, 'Reebok Grand Sale เรียนเชิญบรรดานักช้อปทั้งหลายแวะมาหยิบจับของถูกใจราคาถูกสุดๆกับโปรโมชั่นแรงแห่งปี ครั้งแรกของปี 2016', 'reebok-grand-sale', 'images/events/2016-03-30/20160330-141855-Promotion-Reebok-Grand-Sale-2016-Sale-up-to-70-Off.png', 'Reebok Grand Sale 2016 ช้อปกันให้สนานกับสินค้าสุดฮอตจากแบรนด์ดังยกขบวนเซลจัดหนักทั้ง เสื้อผ้า, เครื่องแต่งกาย, รองเท้า และอุปกรณ์กีฬา หลากหลายประเภทลดสูงสุดถึง 70% ช้อปให้เสร็จเก็บให้หมด!!!', '<div><div style="" id="stcpDiv"><p><strong><span style="color: #ff3f00;">Reebok Grand Sale 2016</span></strong> ช้อปกันให้สนานกับสินค้าสุดฮอตจากแบรนด์ดังยกขบวนเซลจัดหนักทั้ง <em><span style="color: #0433ff;">เสื้อผ้า, เครื่องแต่งกาย, รองเท้า และอุปกรณ์กีฬา</span></em> หลากหลายประเภทลดสูงสุดถึง 70% ช้อปให้เสร็จเก็บให้หมด!!! </p>\r\n<p>ช้อปด้วยช่วยกันให้เต็มที่!! <strong><span style="color: #ff3f00;">Promotion Reebok Grand Sale 2016 Sale up to 70% Off</span></strong> เริ่มตั้งแต่วันที่ 10 – 21 มีนาคม 2559 ที่  <strong>MBK Center ลานพญาไท ฮอลล์ ชั้น G</strong> งานนี้ห้ามพลาด!!!</p><p><img class="img-responsive" src="/images/events/2016-03-30/description/20160330-141809-promotion-reebok-grand-sale-2016-sale-up-to-70-off.jpg" style="width: 800px;"></p><p><br></p></div></div>', '2016-03-10', '2016-03-21', 'Y', '2016-03-30', '2016-03-30 07:18:55', '2016-03-30 07:18:55', 1, 4, NULL),
(44, 'โปรโมชั่น Baskin Robbins Fun Scoop ซื้อ 1 แถม 1 ฟรี!!!', 'baskin-robbins-fun-scoop', 'images/events/2016-03-30/20160330-142852-Promotion-Baskin-Robbins-Buy-Fun-Scoop-1-Fee-1.jpg', 'โปรคุ้มสุดๆรับสิทธิ์สุดคูลลลลล ดับร้อนด้วยไอศกรีมเย็นๆแสนอร่อยจาก Baskin Robbins กับ Baskin Robbins Fun Scoop Buy 1 Get 1 Free!!!!\r\n\r\nอร่อยคุ้มพูดเลย!!…ร้อนหนักๆแบบนี้ต้องเติมความเย็นเข้าไปดับร้อน!!! ดีงามพระรามเก้ากับโปรคุ้มสุดๆรับสิทธิ์สุดคูลลลลล ดับร้อ', '<div><div style="" id="stcpDiv"><p>รับไอศกรีมขนาด<strong> Fun Scoop</strong> 1 ลูกเมื่อซื้อไอศกรีมขนาด<strong> Fun Scoop</strong> ในราคาปกติทันทีนะจ๊ะ!! ส่วนเงื่อนไขก็ง่ายๆแค่แสดงคูปองให้ทางหน้าร้านดูก็ได้รับสิทธิ์แล้วค่ะเจ้านายยยย!!!</p>\r\n<h3 style="text-align: center;">เปิดโพสท์นี้และแสดงภาพคูปองที่หน้าร้าน คลิกเพื่อเข้าหน้าเพจคูปองที่นี่จ้าา</h3>\r\n<h3 style="text-align: center;"><a href="https://goo.gl/XwAUH4" class="external" rel="nofollow">https://goo.gl/XwAUH4</a></h3>\r\n<p>อร่อยให้คุ้มต้องซื้อ 1 แถม 1 เท่านั้นจ้าาาาา เต็มที่กับไอศกรีมแสนอร่อยพร้อมโปรเด็ด!! <strong><span style="color: #ff2f92;">โปรโมชั่น Baskin Robbins Fun Scoop ซื้อ 1 แถม 1 ฟรี!!! </span></strong>ได้ตั้งแต่วันที่ 21 ถึง 30 มีนาคม 2559 นี้</p>\r\n<p>แวะไปเติมเพิ่มพลังสู้ร้อนกันได้ที่ร้าน <strong><span style="color: #ff2f92;">Baskin Robbins</span></strong> ทุกสาขา <strong><em><span style="color: #4894ff;">ยกเว้นสาขา จังซีลอน 1, จังซีลอน 2, อิมแพ็ค เมืองทองธานี, หน้าพระลาน และ Dinosour <br></span></em></strong></p><p><strong><em><span style="color: #4894ff;"><img class="img-responsive" src="/images/events/2016-03-30/description/20160330-142634-Promotion-Baskin-Robbins-Buy-Fun-Scoop-1-Fee-1.jpg" style="width: 600px;"></span></em></strong></p><div style="" id="stcpDiv"><p>ส่วนรายชื่อสาขาต่างๆของร้าน<strong><span style="color: #ff2f92;"> Baskin Robbins</span></strong> ที่รวบรวมมาได้มีเท่านี้จ้า ใครทราบสาขาไหนแจ้งเพิ่มเติมมาได้เลยนะ!</p>\r\n<ol><li><span style="color: #929292;">Central Festival Hatyai (Floor 2)</span></li><li><span style="color: #929292;">Central Festival Pattaya Beach (Floor 4)</span></li><li><span style="color: #929292;">Central Plaza Grand Rama9 (Floor B)</span></li><li><span style="color: #929292;">Central Plaza Salaya (Floor G)</span></li><li><span style="color: #929292;">Fashion Island (Floor G)</span></li><li><span style="color: #929292;">I’m Park Chula (Floor 1)</span></li><li><span style="color: #929292;">MBK Mall (Floor G)</span></li><li><span style="color: #929292;">K.Village (Floor G)</span></li><li><span style="color: #929292;">Mega Bangna Money Zone (Floor G)</span></li><li><span style="color: #929292;">Seacon Square (Floor 2)</span></li><li><span style="color: #929292;">SiamParagon (Floor 3)</span></li><li><span style="color: #929292;">Terminal 21 (Floor LG)</span></li><li><span style="color: #929292;">The Mall Ramkhamheang (Floor G)</span></li><li><span style="color: #929292;">The Paseo Town, Ramkhamhaeng1 (Floor G)</span></li><li><span style="color: #929292;">The Walk, Kaset Nawamin (Floor 1)</span></li><li><span style="color: #929292;">Ambassador Sukhumvit (Soi 11)</span></li><li><span style="color: #929292;">Paradise Park (Floor G)</span></li><li><span style="color: #929292;">Future Park Rangsit (Floor 1)</span></li><li><span style="color: #929292;">Platinum Mall 2 (Floor G)</span></li><li><span style="color: #929292;">Market Village Hua Hin (Floor 1)</span></li><li><span style="color: #929292;">Laemthong Rayong (Floor G)</span></li><li><span style="color: #929292;">Mega Bangna (Floor 2)</span></li></ol></div><p><br><strong><em><span style="color: #4894ff;"></span></em></strong></p> </div></div>', '2016-03-21', '2016-03-30', 'Y', '2016-03-30', '2016-03-30 07:28:52', '2016-03-30 07:28:52', 1, 3, NULL),
(45, 'โปรโมชั่น AirAsiaGo Go Holiday with SUPER SAVERMAN เที่ยวสุดคุ้มบินภูเก็ตฟรี!! ตั๋ว+แพ็คเกจ 3วัน 2คืน เริ่มต้น 464.-', 'airasiago-go-holiday-with-super-saverman', 'images/events/2016-03-30/20160330-144422-Promotion-AirAsiaGo-Go-Holiday-with-SUPER-SAVERMAN-Free-Flights-to-Phuket-P1.jpg', 'ไปเที่ยวทะเลกลางปีกับโปรดีๆที่พาคุณไปสนุกแบบสบายกระเป๋าด้วยตั๋วบินฟรี!!! บินภูเก็ต+ที่พัก 2 คืนแค่ 464.-\r\n\r\nแพ็คเกจท่องเที่ยวสุดคุ้มจาก AirAsiaGo GO Holiday โปรโมชั่นล่าสุด AirAsiaGo จับแพ็คเกจเที่ยวภูเก็ตสบายๆ ตั๋วเครื่องบิน AirAsia ราคาประหยัด + ที่พัก ', '<div><div style="" id="stcpDiv"><p><strong>ตั๋วเครื่องบิน ไป-กลับ เส้นทางบิน ภูเก็ต + โรงแรมที่พัก</strong> 2 คืน<em><span style="color: #929292;"> (โรงแรม + เที่ยวบิน + ภาษี)</span></em> เริ่มต้นที่ <strong><span style="color: #ff2600;">464</span></strong>บาท/ท่านน</p>\r\n<p>นอกจากภูเก็ตแล้วยังมีเส้นทางอื่นๆกับโรงแรมมากมายให้เลือกกว่า 30,000 เมืองทั่วโลก อาทิ <em><span style="color: #3a7dff;"> ประเทศไทย, ฮ่องกง, สิงคโปร์, ญี่ปุ่น, เกาหลีใต้, เวียดนาม และอีกมากมาย</span></em><em><span style="color: #3a7dff;"> </span></em></p>\r\n <img class="img-responsive" src="/images/events/2016-03-30/description/20160330-143859-Promotion-AirAsiaGo-Go-Holiday-with-SUPER-SAVERMAN-Free-Flights-to-Phuket-P1.jpg" style="width: 800px;"><br><div style="" id="stcpDiv"><p><strong style="text-decoration: underline;"><span style="color: #ff2600;">ระยะเวลาการจอง</span></strong></p>\r\n<p>สำรองแพ็คเกจได้ระหว่าง วันที่ 17 – 27 มีนาคม 2559</p>\r\n<p><strong><span style="text-decoration: underline;"><span style="color: #ff2600;">ช่วงเวลาเดินทาง</span></span></strong></p>\r\n<p>เดินทางได้ระหว่าง วันที่ 20 เมษายน – 30 กันยายน 2559</p>\r\n<p><strong><span style="text-decoration: underline;"><span style="color: #ff2600;">วิธีการจอง</span></span></strong></p>\r\n<p>สำรองแพ็คเกจ ที่พัก + ตั๋วเครื่องบิน กับ <strong><span style="color: #ff2600;">AirAsia GO</span></strong> ได้ที่ <a href="https://thailand.airasiago.com/GoholSSman?langid=1054" class="external" rel="nofollow"><strong>www.airasiago.com</strong></a></p><p><br><img class="img-responsive" src="/images/events/2016-03-30/description/20160330-144011-Promotion-AirAsiaGo-Go-Holiday-with-SUPER-SAVERMAN-Free-Flights-to-Phuket-FULL.jpg" style="width: 532px;"></p><div style="" id="stcpDiv"><p>เที่ยวทะเลกลางปี หนีไปพักผ่อนเติมพลังกันที่ภูเก็ตเที่ยวเล่นกับถนนคนเดินย่านชิคๆ กินของอร่อย แล้วพักผ่อนให้สบายกับโปรสุดคุ้มจาก<span style="color: #ff2600;"> <strong>แอร์เอเชีย โก</strong></span> รอบนี้ชี้เป้า>>>></p>\r\n<p>เส้นทางภูเก็ต จองกันไว้ได้เลยราคานี้โคตระคุ้ม!! ได้ตั๋วเครื่องบินไป-กลับ กรุงเทพ – ภูเก็ต + ที่พัก 2 คืนในราคาแค่ <strong><span style="color: #ff2600;">464</span></strong> บาท<em><span style="color: #4894ff;"> (ถ้าโรงแรมไม่ถูกใจจะจองเอาตั๋วอย่างเดียวก็คุ้มแล้วจ้า) </span></em></p>\r\n<p>ค่าตั๋วภูเก็ตบินไป-กลับ ในหน้าเว็บแอร์เอเชียช่วงกลางปี ราคาโปรอยู่ที่ประมาณ <strong>1,3xx</strong> บาทนะจ๊ะ นี่จองกันได้ราคาถูกยิ่งกว่าโบกรถไปซะอีก !!!</p>\r\n<p>ตัวอย่างตั๋ว+แพ็คเกจถูกๆที่ลองหยิบมาให้ดูมีตามนี้เลยนะครับ! \r\nราคาโปรหาง่ายกดจองได้สะดวกๆ มีให้เลือกเพียบตลอดช่วงเวลาโปรเลยทีเดียว!!!</p>\r\n <br><div style="" id="stcpDiv"><h3 style="text-align: center;"><span style="text-decoration: underline;"><span style="color: #ff2600;">ภูเก็ต <strong> ตั๋ว + ที่พัก 2 คืน</strong> 464.- (มิย.59)</span></span></h3>\r\n<p style="text-align: center;"><strong>ภูเก็ต </strong>ตั๋วเครื่องบิน + ที่พัก 2 คืน<strong><span style="color: #929292;"> อ. 7 มิ.ย. – พฤ. 9 มิ.ย.59<span> </span></span></strong>ตั๋ว 2 ที่นั่ง, 1 ห้อง 2 คืน ราคา <span style="color: #ff2600;"><strong>464</strong></span> บาท/ท่าน</p>\r\n </div></div></div><img class="img-responsive" src="/images/events/2016-03-30/description/20160330-144111-Promotion-AirAsiaGo-Go-Holiday-with-SUPER-SAVERMAN-Free-Flights-to-Phuket-P2.jpg" style="width: 800px;"><br><div style="" id="stcpDiv"><h3><span style="text-decoration: underline;"><span style="color: #ff2600;">เงื่อนไขและข้อกำหนด Promotion AirAsiaGo Go Holiday with SUPER SAVERMAN Free Flights to Phuket</span></span></h3>\r\n<ul><li>ราคาแพคเกจเป็นราคาเริ่มต้นต่อท่านสำหรับเข้าพักห้องพักคู่</li><li>ราคาพิเศษมีเฉพาะช่วงเวลาในการจองและการเดินทางที่กำหนด</li><li>โรงแรมราคาพิเศษมีจำนวนจำกัด ซึ่งอาจไม่มีใน วันหยุดราชการ,ปิดเทอม, และวันหยุดสุดสัปดาห์ </li><li>สามารถเลือกเข้าพักได้มากกว่าแพคเกจที่ระบุไว้ (โดยราคาจะเปลี่ยนไปตามวันเดินทางใหม่ที่เลือก) </li><li>ราคาโปรโมชั่นมีจำนวนจำกัด และจองก่อนได้สิทธิ์ก่อน</li><li>เป็นไปตามข้อกำหนดและเงื่อนไข</li></ul></div></div></div>', '2016-03-17', '2016-03-27', 'Y', '2016-03-30', '2016-03-30 07:44:22', '2016-03-30 07:44:22', 1, 1, NULL),
(46, 'โปรโมชั่น ยาโยอิ ฉลอง 10 ปี ลุ้นฟินกินฟรีทั้งร้าน!!', 'promotion-yayoi-10th-anniversary-lucky-free-eat', 'images/events/2016-03-30/20160330-145904-Promotion-Yayoi-10th-Anniversary-Lucky-Free-Eat-FULL.jpg', 'อิ่มฟรียกร้านกับยาโยอิ!! ฉลองครบ 10 ปีแห่งความอร่อย ร้านอาหารญี่ปุ่น ยาโยอิ ฉลอง 10 ปี ลุ้นฟินกินฟรีทั้งร้าน!! ลุ้นกินฟรีได้ง่ายๆเพียงแค่ทานอาหารที่ Yayoi ในช่วงเวลา 12.00 – 18.00 น. ที่สาขาไหนก็ได้แล้วมาร่วมลุ้นเตรียมตัวพบกับขบวนการ ยาโยอิเรนเจอร์  หากเจ', '<div><div style="" id="stcpDiv">อิ่ม\r\nฟรียกร้านกับยาโยอิ!! ฉลองครบ 10 ปีแห่งความอร่อย ร้านอาหารญี่ปุ่น ยาโยอิ \r\nฉลอง 10 ปี ลุ้นฟินกินฟรีทั้งร้าน!! ลุ้นกินฟรีได้ง่ายๆ<br><br><img class="img-responsive" src="/images/events/2016-03-30/description/20160330-145530-Promotion-Yayoi-10th-Anniversary-Lucky-Free-Eat-FULL.jpg" style="width: 800px;"><br><br><div style="" id="stcpDiv"><p><strong>อยากกินฟรียกร้านไหม?</strong>…รับโชคอิ่มฟรีกันง่ายๆเพียงแค่ไปร้านยาโยอิช่วง<strong> เวลาทอง 12.00 – 18.00 น.</strong> หากเจอเหล่า<strong><span style="color: #ff2f92;"> ยาโยอิเรนเจอร์</span></strong> ก็เตรียมลุ้นได้เลย</p>\r\n<p>แต่ถ้าโชคดีไม่มีไม่พอไม่ได้เจอเหล่า <strong><span style="color: #ff2f92;">ยาโยอิเรนเจอร์</span></strong> ทั้ง\r\nหลายก็อย่าเสียใจไป หรือใครไม่ว่างไปช่วงนอกเวลาก็รับฟรี! คูปอง 1 ใบ \r\nเมื่อทานครบทุก 500 บาท เพื่อลุ้นรางวัลทานฟรีตลอดปี \r\nหรือลุ้นทองใส่เพิ่มบารมีกันไปเลย!</p>\r\n<ul><li>ลุ้นเป็นเจ้าของ <strong>บัตรรับประทานอาหารฟรีที่ร้านยาโยอิตลอดปี</strong> จำนวน 30 รางวัล</li><li>ลุ้น<strong> ทองคำหนัก 1 บาท</strong> จำนวน 35 รางวัล</li></ul>\r\n<p>อิ่มดีๆแล้วยังได้ลุ้นกินฟรีอีกด้วย!!!<strong><span style="color: #ff2f92;"> โปรโมชั่น ยาโยอิ ฉลอง 10 ปี ลุ้นฟินกินฟรีทั้งร้าน!!</span></strong> ตั้งแต่วันนี้ ถึง 31 พฤษภาคม 2559 นี้เท่านั้น!! ที่ร้าน <strong>ยาโยอิ ทุกสาขาทั่วประเทศ และสำหรับบริการทานที่ร้าน ซื้อกลับบ้าน</strong> และ <strong>1642</strong> บริการส่งถึงบ้าน (<em><span style="color: #0352ff;">สำหรับบริการส่งถึงบ้าน สามารถฝากคูปองชิงโชคให้พนักงานส่งอาหารกลับมาใส่กล่องรับชิ้นส่วนที่ร้านได้)</span></em></p> <img class="img-responsive" src="/images/events/2016-03-30/description/20160330-145605-Promotion-Yayoi-10th-Anniversary-Lucky-Free-Eat-FB2.png" style="width: 500px;"><br><div style="" id="stcpDiv"><p>ใคร\r\nอยากลุ้นกินฟรีมาทางนี้จ้าาา!!! \r\nมีวิธีติดตามรายชื่อร้านสาขาที่จะได้กินฟรีกันล่วงหน้า \r\nเหลือแค่ว่าไปรอลุ้นเอาว่าระหว่าง เที่ยง – 6 โมงเย็น \r\nจะลุ้นได้เจอเหล่าบรรดา ยาโยอิเรนเจอร์กั นรึป่าว?</p>\r\n<p>ให้ลองไปตามเพจ <a href="https://www.facebook.com/YayoiRestaurantThailand#" class="external" rel="nofollow"><strong>YayoiRestaurantThailand</strong></a> กันดูนะแอดมินเพจจะมีคำใบ้มาให้ลูกเพจได้ดูได้เดากันสนุกๆจ๊ะ!</p> <img class="img-responsive" src="/images/events/2016-03-30/description/20160330-145643-Promotion-Yayoi-10th-Anniversary-Lucky-Free-Eat-FB-Post.png" style="width: 506px;"><br><div style="" id="stcpDiv"><h3 style="text-align: center;"><span style="color: #ff2600;">ดูรายละเอียด ยาโยอิ10ปีลุ้นฟินกินฟรี และข้อมูลเพิ่มเติมได้ที่  >>> </span><span style="color: #ff2600;"><a href="https://goo.gl/8dsAQi" class="external" rel="nofollow">https://goo.gl/8dsAQi</a></span></h3>\r\n<h3><span style="text-decoration: underline;"><span style="color: #ff2f92;">เงื่อนไขและข้อกำหนด โปรโมชั่น ยาโยอิ ฉลอง 10 ปี ลุ้นฟินกินฟรีทั้งร้าน!!</span></span></h3>\r\n<ul><li>รับประทานอาหาร ที่ร้านอาหารญี่ปุ่นยาโยอิในทุกสาขา ครบทุกๆ 500 บาท ต่อ 1 ใบเสร็จ ( หลังหักส่วนลด ) รับคูปองชิงรางวัล 1 ใบ</li><li>เขียนชื่อที่อยู่ พร้อมเบอร์โทรศัพท์อย่างชัดเจน ใส่ลงกล่องในกล่องรับชิ้นส่วนบริเวณแคชเชียร์หน้าร้านสาขาของร้านยาโยอิที่ร่วมรายการ</li><li>ร่วมรายการที่ร้านยาโยอิทุกสาขาทั่วประเทศ และสำหรับบริการทานที่ร้าน ซื้อกลับบ้าน และ 1642 บริการส่งถึงบ้าน<em><span style="color: #4894ff;">(สำหรับบริการส่งถึงบ้าน สามารถฝากคูปองชิงโชคให้พนักงานส่งอาหารกลับมาใส่กล่องรับชิ้นส่วนที่ร้านได้)</span></em></li><li><strong>รายละเอียดรางวัล</strong>\r\n<ul><li>รางวัลทั้งหมดคือ 65 รางวัล มูลค่ารวม 1.78 ล้านบาท โดยมีรายละเอียดของรางวัลดังต่อไปนี้</li><li><strong>บัตรรับประทานอาหารที่ร้านยาโยอิ มูลค่าเดือนละ 3,000 บาท</strong> เป็นระยะเวลาทั้งหมด 12 เดือน <em><span style="color: #4894ff;">(มูลค่ารวม 36,000 บาท) </span></em>ทั้งหมด 30 รางวัล</li><li><strong>รางวัลทองคำหนัก 1 บาท</strong><em><span style="color: #4894ff;"> (ราคาบาทละ 20,000 ซึ่งราคาทองอาจมีการเปลี่ยนแปลงขึ้นอยู่กับราคาตลาด) </span></em>ทั้งหมด 35 รางวัล</li></ul>\r\n</li><li>รางวัลที่กล่าวมา ไม่สามารถแลกเปลี่ยนกันได้ และไม่สามารถเปลี่ยน หรือทอนเป็นเงินได้</li><li><strong>ระยะเวลาในการส่งชิงโชค</strong>\r\n<ul><li>ได้ตั้งแต่วันที่ 10 มีนาคม – 31 พฤษภาคม 2559</li></ul>\r\n</li></ul>\r\n<ul><li><strong><span style="color: #ff2f92;">สถานที่ในการจับรางวัล</span></strong>\r\n<ul><li>โรงงานครัวกลาง4 ตั้งอยู่ที่ บริษัท เอ็มเคเรสเตอรองต์ กรุ๊ป จำกัด \r\n(มหาชน) ครัวกลางบางนา เลขที่ 18/23 หมู่ 7 ถนนบางนา-ตราด ก.ม.18 ตำบลโฉลง \r\nอำเภอบางพลี จังหวัดสมุทรปราการ 10540</li></ul>\r\n</li><li><strong><span style="color: #ff2f92;">วันที่จับรางวัล</span></strong>\r\n<ul><li><span style="color: #515151;"><strong>กำหนดจับรางวัลครั้งที่ 1</strong> </span>\r\n<ul><li><strong>วันที่ 8 เมษายน พ.ศ. 2559 </strong>เวลา 11.00น. และ ประกาศรายชื่อผู้โชคดีเวลา 14.00น. เป็นต้นไป</li></ul>\r\n</li><li><span style="color: #515151;"><strong>กำหนดจับรางวัลครั้งที่ 2</strong> </span>\r\n<ul><li><strong>วันที่ 6 พฤษภาคม พ.ศ. 2559</strong> เวลา 11.00น. และ ประกาศรายชื่อผู้โชคดีเวลา 14.00น. เป็นต้นไป</li></ul>\r\n</li><li><span style="color: #515151;"><strong>กำหนดจับรางวัลครั้งสุดท้าย</strong> </span>\r\n<ul><li><strong>วันที่ 3 มิถุนายน พ.ศ. 2559</strong> เวลา 11.00น. และ ประกาศรายชื่อผู้โชคดีเวลา 14.00น. เป็นต้นไป <em><span style="color: #4894ff;">(***โดยเวลาในการจับ และประกาศรางวัลอาจมีการเปลี่ยนแปลง จากวันและเวลาที่กล่าวมา)</span></em></li></ul>\r\n</li></ul>\r\n</li><li><strong><span style="color: #ff2f92;">ช่องทางในการประกาศรายชื่อผู้โชคดี</span></strong>\r\n<ul><li>ประกาศรายชื่อผู้โชคดีผ่านทาง <a href="https://www.facebook.com/YayoiRestaurantThailand/" class="external" rel="nofollow">https://www.facebook.com/YayoiRestaurantThailand/</a></li><li>และ <a href="https://www.yayoirestaurants.com/th" class="external" rel="nofollow">https://www.yayoirestaurants.com/th</a></li><li>ตามวันที่กำหนดของทุกวันที่มีการจับรางวัล</li></ul>\r\n</li></ul>\r\n<p><strong><span style="color: #ff2f92;">สถานที่และวิธีในการรับของรางวัล</span></strong></p>\r\n<ul><li>นำหลักฐานในการแสดงตนเป็นสำเนาบัตรประชาชนมาติดต่อรับของรางวัลได้ที่ \r\nบริษัท เอ็มเคเรสเตอรองต์ กรุ๊ป จำกัด (มหาชน) เลขที่ 1200 ถนนบางนา-ตราด \r\nแขวงบางนา เขตบางนา กรุงเทพฯ 10260 ตั้งแต่เวลา 8.00น. – 17.00น.</li><li>ผู้โชคดีต้องมารับรางวัลภายในระยะเวลา 60 วัน นับตั้งแต่วันประกาศรายชื่อผู้โชคดี หากมารับช้าหลังจากนั้นให้ถือว่าสละสิทธิ์</li><li><em><span style="color: #ff2600;">เงื่อนไขอื่นๆ เป็นไปตามที่บริษัทกำหนด</span></em></li><li><em><span style="color: #ff2600;">พนักงาน <strong>บริษัท เอ็มเค เรสโตรองต์ กรุ๊ป จำกัด ( มหาชน)</strong> <strong>บริษัทฯในเครือ</strong> และคณะกรรมการดำเนินงาน พร้อมครอบครัวไม่มีสิทธิ์เข้าร่วมรายการนี้</span></em></li></ul> <img class="img-responsive" src="/images/events/2016-03-30/description/20160330-145727-Promotion-Yayoi-10th-Anniversary-Lucky-Free-Eat-FULL.jpg" style="width: 800px;"><br><div style="" id="stcpDiv"><h3><span style="text-decoration: underline;"><span style="color: #ff2f92;">รายชื่อสาขาร้านอาหารญี่ปุ่น ยาโยอิ Yayoi Restaurant</span></span></h3>\r\n<ol><li>ลอนดอน สตรีท พัฒนาการ</li><li>มาร์เก็ต วิลเลจ สุวรรณภูมิ</li><li>Lotus ศาลายา</li><li>The Paseo Park (ถ.กาญจนาภิเษก)</li><li>The Jas วังหิน</li><li>โรบินสัน สมุทรปราการ</li><li>โลตัส-บางใหญ่</li><li>เซ็นทรัล-ศาลายา</li><li>Beehive เมืองทองธานี</li><li>สยามสแควร์วัน</li><li>บิ๊กซี-กัลปพฤกษ์</li><li>Lotus ศรีนครินทร์</li><li>บิ๊กซี-พิษณุโลก</li><li>Paseo สุขาภิบาล 3</li><li>โรบินสัน-บางรัก</li><li>The Paseo Mall อ่อนนุช-กระบัง</li><li>บิ๊กซี-ศรีนครินทร์</li><li>IT Square หลักสี่</li><li>โลตัส-สุขาภิบาล 1</li><li>Maxvalue สุขุมวิท 71</li><li>Omni ลาดพร้าว 116</li><li>Imagine village (ม.กรุงเทพฯ)</li><li>Seacon Square (บางแค)</li><li>Central รัตนาธิเบศร์</li><li>สีลมคอมเพล็กซ์</li><li>ทาวน์ เซ็นเตอร์ บิ๊กซี หัวหมาก</li><li>The Coast บางนา</li><li>The Scene (ทาวน์อินทาวน์)</li><li>รพ.ศิริราช</li><li>Watergate ประตูน้ำ</li><li>Zeer รังสิต</li><li>โลตัส บางนา</li><li>Center One อนุสาวรีย์ชัยสมรภูมิ</li><li>Mega Bangna</li><li>บิ๊กซี ติวานนท์</li><li>TU DOME</li><li>โรบินสัน สุพรรณบุรี</li><li>บิ๊กซี พระราม 2</li><li>Asiatique ( ถ.เจริญกรุง )</li><li>Imperial สำโรง</li><li>View Point เอแบค บางนา</li><li>สยามสแควร์ ( ถ.อังรีดูนังต์ )สยามซ.7</li><li>Fortune Town</li><li>เซ็นทรัล พระราม9</li><li>United Center (สีลม)</li><li>โลตัส ประชาอุทิศ (บางมด)</li><li>Max Value สุขาภิบาล 1</li><li>ศาลาแดง</li><li>Amorini สวนสยาม</li><li>บิ๊กซี ราชดำริ</li><li>ฟิวเจอร์ปาร์ค รังสิต 2</li><li>เมเจอร์ สุขุมวิท</li><li>เซ็นจูรี่ อนุสาวรีย์</li><li>พาราไดซ์ปาร์ค(เสรี เซ็นเตอร์)</li><li>บิ๊กซี มหาชัย</li><li>เซ็นทรัลเวิลด์</li><li>เซ็นทรัล ปิ่นเกล้า</li><li>โลตัส ลำลูกกา</li><li>โฮมเวิร์ค ราชพฤกษ์</li><li>SF-นวมินทร์ ซิตี้ อเวนิว</li><li>โลตัส รัตนาธิเบศร์</li><li>เดอะมอลล์ บางแค</li><li>เซ็นทรัล แจ้งวัฒนะ</li><li>แฟชั่นไอส์แลนด์</li><li>บิ๊กซี สุขาภิบาล 3</li><li>จัตุรัส จามจุรี</li><li>เดอะมอลล์ บางกะปิ</li><li>เดอะมอลล์ รามคำแหง</li><li>เดอะมอลล์ งามวงศ์วาน</li><li>โลตัส นวนคร</li><li>เมเจอร์ ปิ่นเกล้า</li><li>Central พระราม 3</li><li>โลตัส สามพราน</li><li>โลตัส รังสิต คลอง 7</li><li>Central พระราม 2</li><li>Esplande รัชดา</li><li>SF-มาบุญครอง ชั้น 7</li><li>เมเจอร์ รัชโยธิน</li><li>โลตัส จรัลสนิทวงศ์</li><li>ฟิวเจอร์ พาร์ค รังสิต</li><li>เซ็นทรัล บางนา</li><li>บิ๊กซี พระราม 4</li><li>MAYA เชียงใหม่</li><li>เซ็นทรัล-เชียงใหม่ 2</li><li>Central ลำปาง</li><li>เซ็นทรัล เชียงราย</li><li>เซ็นทรัล เชียงใหม่</li><li>โลตัส-สุพรรณบุรี</li><li>โรบินสัน สระบุรี</li><li>บิ๊กซี-สุพรรณบุรี</li><li>โลตัส-นครสวรรค์ cinema</li><li>Lotus พิษณุโลก2</li><li>เซ็นทรัล พิษณุโลก</li><li>V Square(บิ๊กซี) นครสวรรค์</li><li>บิ๊กซี ลพบุรี (2)</li><li>โรบินสัน ร้อยเอ็ด</li><li>เซ็นทรัล-หาดใหญ่</li><li>ตึกคอม อุดรธานี</li><li>บิ๊กซี-ร้อยเอ็ด</li><li>เสริมไทย มหาสารคาม</li><li>The Mall โคราช (ย้ายพื้นที่)</li><li>เซ็นทรัล อุดรธานี</li><li>Lotus ขอนแก่น2 (Plus Mall)</li><li>เซ็นทรัล ขอนแก่น</li><li>เซ็นทรัล สมุย</li><li>เซ็นทรัล-หาดใหญ่</li><li>โลตัส-สงขลา</li><li>โลตัส หาดใหญ่ 2</li><li>เซ็นทรัล ภูเก็ต</li><li>โรบินสัน ปราจีนบุรี</li><li>โรบินสัน ฉะเชิงเทรา</li><li>โลตัส-จันทบุรี</li><li>โรบินสัน จันทบุรี</li><li>ฮาร์เบอร์มอลล์ แหลมฉบัง</li><li>แหลมทอง บางแสน</li><li>แปซิฟิค พาร์ค ศรีราชา</li><li>เซ็นทรัล ชลบุรี</li><li>เซ็นทรัล พัทยาบีซ</li><li>แหลมทอง ระยอง</li><li>บิ๊กซี ชลบุรี</li><li>บิ๊กซี-กาญจนบุรี</li><li>โรบินสัน-กาญจนบุรี</li><li>โลตัส บ้านโป่ง</li><li>หัวหิน มาร์เก็ต วิลเลจ</li></ol></div><br></div></div></div><br></div></div>', '2016-03-30', '2016-05-31', 'Y', '2016-03-30', '2016-03-30 07:59:04', '2016-03-30 07:59:04', 1, 1, NULL),
(47, 'โปรโมชั่น นันยาง ชูการ์ Nanyang Sugar แค่ 329.- รับฟรี Fruity Ribbon 1 สีทันที!', 'nanyang-sugar-329', 'images/events/2016-03-31/20160331-121149-Promotion-Nan-Yang-Sugar-Pnly-329.-Get-Free-Fruity-Ribbon.jpg', 'Nanyang Sugar นันยางแบรนด์รองเท้าเก่าแก่คู่เด็กนักเรียนไทย จับรองเท้าแบบเก่าๆมารีเมคสร้างสีสันใหม่ถูกใจสาวๆในราคาแสนประหยัดกับ นันยางชูการ์ รองเท้าหวานๆสำหรับสาวๆ', '<div><div style="" id="stcpDiv"><p>กระแสกำลังมา!!! <strong><span style="color: #ff7192;">Nanyang Sugar</span></strong> นันยางแบรนด์รองเท้าเก่าแก่คู่เด็กนักเรียนไทย จับรองเท้าแบบเก่าๆมารีเมคสร้างสีสันใหม่ถูกใจสาวๆในราคาแสนประหยัดกับ<strong><span style="color: #ff7192;"> นันยางชูการ์ </span></strong>รองเท้าหวานๆสำหรับสาวๆ</p>\r\n<h3 style="text-align: center;"><span style="color: #ff7192;">รองเท้าผ้าใบสำหรับผู้หญิง Nanyang Sugar Sweeter step , Sweeter world ใส่เรียน ใส่เล่น ใส่เที่ยว ถูกระเบียบ!</span></h3><p><br></p><div style="" id="stcpDiv"><p><strong><span style="color: #ff7192;">Nanyang Sugar  </span></strong>เปิดตัวมาด้วยราคาเบ๊าเบาาาาาแค่คู่ละ <strong><span style="color: #ff2600;">329</span></strong> บาทเท่านั้น! พร้อมโปรโมชั่นพิเศษ รับเพิ่ม <strong><span style="color: #ff7192;">Fruity Ribbon </span></strong>เชือกสีพาสเทลเพิ่มอีก 1 สีฟรีทันที <em><span style="color: #4894ff;">(เชือกมีทั้งหมด 7 สี ราคาสีละ 30 บาท / หมดเขต 15 เมษายน 59)</span></em>…น่าสอยมาใส่ให้ครบทุกสีเลยนะคะ!! </p>\r\n<ul><li><span style="color: #929292;">ผลิตจากยางธรรมชาติ 100 %</span></li><li><span style="color: #929292;">ใส่ได้หลากหลายโอกาส เช่น ใส่เรียน ใส่เล่น ใส่เที่ยว</span></li><li><span style="color: #929292;">พร้อมพื้น Spring Soft Support ลิขสิทธิ์เฉพาะนันยาง</span></li><li><span style="color: #929292;">พื้นยาง หนึบ เกาะพื้น ช่วยกันลื่น</span></li><li><span style="color: #929292;">เหมาะสำหรับเด็กผู้หญิง</span></li><li><span style="color: #929292;">สวมใส่ง่ายด้วยเชือกร้อยผูกด้านหน้า</span></li><li><span style="color: #929292;">พื้นรองเท้าสีพาสเทล สวยสดใส</span></li><li><span style="color: #929292;">มาพร้อมกับเชือกสี Fruity Ribbon ที่เข้ากับสีพื้นรองเท้า</span></li></ul>\r\n <img class="img-responsive" src="/images/events/2016-03-31/description/20160331-120816-Promotion-Nan-Yang-Sugar-Pnly-329.-Get-Free-Fruity-Ribbon-P1.jpg" style="width: 600px;"><br><div style="" id="stcpDiv"><strong><span style="color: #ff7192;">Nanyang Sugar </span></strong>เปิดตัวมาทั้งหมด 7 สี รองเท้า 1 เบอร์จะมีพื้นรองเท้า 1 สี ในกล่องจะมีเชือกรองเท้าสีขาวและ <strong><span style="color: #ff7192;">Fruity Ribbon</span></strong> เชือก\r\nสีเดียวกับพื้นรองเท้าแถมมาด้วย 1 คู่ \r\nถ้าต้องการเชือกสีอื่นสามารถซื้อแยกได้สีละ 30 บาท มีให้สะสมทั้งหมด 7 สี<br><br><img class="img-responsive" src="/images/events/2016-03-31/description/20160331-120849-Promotion-Nan-Yang-Sugar-Pnly-329.-Get-Free-Fruity-Ribbon-Size-Scale.png" style="width: 800px;"><br><div style="" id="stcpDiv">อยากเท่แบบถูกระเบียนรับเทอมใหม่จัดเลย!!! <strong><span style="color: #ff7192;">โปรโมชั่น นันยาง ชูการ์ <span>Nanyang Sugar แค่ 329.- รับฟรี </span>Fruity Ribbon 1 สีทันที!</span></strong>\r\n เริ่มตั้งแต่ วันนี้ – 30 เมษายน 59 หรือจนกว่าของจะหมด จำหน่ายแล้ววันนี้\r\n ร้านรองเท้าใกล้บ้านคุณจ้า!!!<br><br><img class="img-responsive" src="/images/events/2016-03-31/description/20160331-120936-Promotion-Nan-Yang-Sugar-Pnly-329.-Get-Free-Fruity-Ribbon-P3.jpg" style="width: 600px;"><br><div style="" id="stcpDiv"><h3><span style="text-decoration: underline;"><span style="color: #46cdff;">รายชื่อร้านรองเท้าและเบอร์โทรศัพท์ ที่มีวางจำหน่าย รองเท้า <strong>Nanyang Sugar </strong>#ร้านนี้มีของหวาน</span></span></h3>\r\n<p><em><span style="color: #929292;"><strong>(อัพเดท ณ วันที่ 16 มีนาคม 2559)</strong></span></em> จาก <a href="https://www.facebook.com/Nanyang.co.th/photos/a.10150131045532376.298639.242775827375/10154082102097376/?type=3&theater" class="external" rel="nofollow">facebook.com/Nanyang.co.th</a> ใครที่จะแวะไปเสาะหารบกวนกรุณาโทรเชคสต๊อกสินค้า กับทางร้านก่อน</p>\r\n<p>ส่วนแถวบ้านใครที่ไม่มีรายชื่อร้านรองเท้าในลิสตืนี้ลองแวะไปถามร้านรองเท้าใกล้บ้านดูก่อนนะคะ!</p>\r\n<ol><li><strong>นันยาง สนง.ใหญ่ ถนนสี่พระยา เขตบางรัก กรุงเทพฯ (จ-ศ 9.00 – 17.00) 02 233 4135</strong></li><li><strong>กรุงเทพฯ</strong> ร้านสุทัศนาภรณ์ วัดไทร <span style="color: #929292;"><strong>02-8932739</strong></span></li><li><strong>กรุงเทพฯ</strong> ร้านบาทาดี สำเพ็ง<strong><span style="color: #929292;"> 02-2250572</span></strong></li><li><strong>กรุงเทพฯ </strong>ร้านบิ๊กปลาย ตลาดพันล้าน <strong><span style="color: #929292;">061-361279</span></strong></li><li><strong>กรุงเทพฯ</strong> ร้านโทมัสเครื่องเขียน ตลาดสามัคคี <strong><span style="color: #929292;">02-9520535</span></strong></li><li><strong>กรุงเทพฯ</strong> ร้านแสงฟ้า ตลาดสรงประภา<strong><span style="color: #929292;"> 081-8331500</span></strong></li><li><strong>กรุงเทพฯ</strong> ร้านย่งเฮง ตลาดพาหุรัด <strong><span style="color: #929292;">081-9081625</span></strong></li><li><strong>กรุงเทพฯ </strong>ร้านอมรศักดิ์ ตลาดอุดมสุข <strong><span style="color: #929292;">086-1773345</span></strong></li><li><strong>กรุงเทพฯ</strong> ร้านชูเมคเกอร์ ตลาดอ่อนนุช<strong><span style="color: #929292;"> 081-6111749</span></strong></li><li><strong>กรุงเทพฯ</strong> ร้านโบเก้ ตลาดพาหุรัด <strong><span style="color: #929292;">02-2228425</span></strong></li><li><strong>กรุงเทพฯ </strong>ร้านศิริวัฒน์ ตลาดดาวคะนอง<strong><span style="color: #929292;"> 02-4685486</span></strong></li><li><strong>กำแพงเพชร</strong> ร้านบ้านครูกบ พรานกระต่าย<strong><span style="color: #929292;"> 089-8197588</span></strong></li><li><strong>ขอนแก่น</strong> ร้านสหธิปพงษ์ เมือง<strong><span style="color: #929292;"> 081-5461284</span></strong></li><li><strong>ชัยภูมิ </strong>ร้านซุปเปอร์ดิน เทพสถิต <strong><span style="color: #929292;">086-2654912</span></strong></li><li><strong>ตาก </strong>ร้านหมวยเล็ก แม่สอด <strong><span style="color: #929292;">084-6464755</span></strong></li><li><strong>นครปฐม</strong> ร้านพัฒนาภัณฑ์ ในเมือง<strong><span style="color: #929292;"> 092-8477701</span></strong></li><li><strong>นครราชสีมา</strong> ร้านโคราชง่วนเจ็งหลง เมือง<strong><span style="color: #929292;"> 044-241805</span></strong></li><li><strong>นครราชสีมา</strong> ร้านอู่ทอง ปากช่อง <strong><span style="color: #929292;">044-311013</span></strong></li><li><strong>บุรีรัมย์ </strong>ร้านชัยฟ้า เมือง<strong><span style="color: #929292;"> 081-878-7842</span></strong></li><li><strong>ร้อยเอ็ด</strong> ร้านวิบูลย์พานิช เมือง<strong><span style="color: #929292;"> 081-729-5764</span></strong></li><li><strong>ปทุมธานี</strong> ร้านผกาสี เมือง <strong><span style="color: #929292;">088-9458453</span></strong></li><li><strong>ปทุมธานี</strong> ร้านสมบูรณ์นานาภัณฑ์ เมือง<strong><span style="color: #929292;"> 02-5813590</span></strong></li><li><strong>ประจวบคีรีขันธ์ </strong>ร้านสายรุ้ง ปราณบุรี<strong><span style="color: #929292;"> 032-621652</span></strong></li><li><strong>พังงา </strong>ร้านเจริญอาภรณ์ภัณฑ์ ตะกั่วป่า <strong><span style="color: #929292;">081-7872724</span></strong></li><li><strong>เพชรบุรี</strong> ร้านเล่าปุ้นกี่ เมือง <strong><span style="color: #929292;">032-426200</span></strong></li><li><strong>พัทลุง</strong> ร้านกรุงทอง เมือง <strong><span style="color: #929292;">093-7709545</span></strong></li><li><strong>ภูเก็ต</strong> ร้านสินเจริญ เมือง <strong><span style="color: #929292;">081-8923009</span></strong></li><li><strong>ภูเก็ต </strong>ร้านไทยอินเตอร์ เมือง <strong><span style="color: #929292;">076-212308</span></strong></li><li><strong>ยะลา</strong> ร้านอดัม เบตง<strong><span style="color: #929292;"> 073-231241</span></strong></li><li><strong>ระยอง </strong>ร้านปราณทิพย์ บ้านฉาง <strong><span style="color: #929292;">038-880945</span></strong></li><li><strong>ลำพูน </strong>ร้านเยาวลักษ์ เมือง <strong><span style="color: #929292;">053 511 547</span></strong></li><li><strong>ลำปาง</strong> ร้านกาเมนต์ เมือง<strong><span style="color: #929292;"> 084-487991</span></strong></li><li><strong>เลย </strong>ร้านสีน้ำ(ฟ้า) ท่าลี่ <strong><span style="color: #929292;">084-4205986</span></strong></li><li><strong>เลย</strong> ร้านบิ๊ก 1 เมือง <strong><span style="color: #929292;">087-8530008</span></strong></li><li><strong>สมุทรสงคราม</strong> ร้านแสงเจริญฟุตแวร์ แม่กลอง <strong><span style="color: #929292;">034-713218</span></strong></li><li><strong>สระแก้ว</strong> ร้านวิทยาลัดฟ้า ตาพระยา <strong><span style="color: #929292;">081-9493328</span></strong></li><li><strong>สระบุรี</strong> ร้านชัยฟ้า แก่งคอย <strong><span style="color: #929292;">086-5887806</span></strong></li><li><strong>สุพรรณบุรี</strong> ร้านล่งเฮง เมือง <strong><span style="color: #929292;">035-522270</span></strong></li><li><strong>สุพรรณบุรี </strong>ร้านนิวแสงทอง อู่ทอง <strong><span style="color: #929292;">089-4866266</span></strong></li><li><strong>อุดรธานี</strong> ร้านลี่ง่วนไถ่ เมือง <strong><span style="color: #929292;">042-222018</span></strong></li></ol></div><br></div><br></div></div></div></div>', '2016-03-31', '2016-04-15', 'Y', '2016-03-31', '2016-03-31 05:11:49', '2016-03-31 05:11:49', 1, 4, NULL),
(48, 'โปรโมชั่น Fitflp Sale 2016 ลดสูงสุด 50% ที่งาน Xclusive Sale up to 80% Off @ Rayong [มีค.59]', 'fitflp-sale-2016-xclusive-sale-up-to-80-off-at-rayong', 'images/events/2016-03-31/20160331-122443-Promotion-Fitflp-Sale-up-to-50-in-Xclusive-Sale-up-to-80-@-Rayong-Mar.2016.jpg', 'รอบนี้มีดีที่ระยอง…ฮิ!!!ข่าวดีสำหรับแฟนๆชาวระยองเตรียมตัวช้อปของถูกของดีกันหน่อยเร๊วววว!!!!!! Promotion2U ชวนคุณไปเสียตังกันให้สบายใจกับแบรนด์ดังราคาดี Fitflop Sale 2016 รอบนี้ลดจุใจกว่าเดิม 40 – 50% เลยค่ะ!!!!', '<div><div style="" id="stcpDiv">เตรียม\r\nตัวให้พร้อมช้อปกับมหกรรมเซลครั้งใหญ่เอาใจคนภาคตะวันออก Fitflop \r\nลดกระหน่ำโดนใจกับส่วนลดสุดพิเศษสูงสุด 50% ในงาน Xclusive Sale up to 80% \r\nOff ชวนออกมาช๊อป<br><br><div style="" id="stcpDiv"><p>งานเซลใหญ่ที่รวบรวมสุดยอดแบรนด์ดังจากทั่วโลกกว่า 30 แบรนด์ดัง มาให้เลือกช๊อปกันอย่างจุใจ อาทิ <em><span style="color: #4894ff;"><strong>FitFlop,\r\n TOMS, AIIZ, Camel Active, Sabina, Bonny, Columbia, Native, Sanuk, \r\nHerschel Supply, Polo World, Healthy Back Bag, Jansport</strong></span></em> และแบรนด์อื่นๆอีกมากมายลดสูงสุดถึง 80%</p>\r\n<p>พิเศษสุดๆ!!! ช้อปคุ้มกับ <strong><span style="color: #ff0f00;">Fitflop</span></strong> รองเท้าแบรนด์ดังที่ใครๆก็อยากใส่ในราคาพิเศษสุดจริงๆ เตรียมตัวให้พร้อมไปต่อคิวลุยช้อปของดีของถูกกันที่งาน <strong><span style="color: #ff2600;">Promotion Fitflp Sale up to 50% in Xclusive Sale up to 80%  @ Rayong [Mar.2016]</span></strong> ได้ที่ศูนย์การค้า <strong><span style="color: #4894ff;">Central Plaza Rayong (Rayong Hall)</span></strong> ตั้งแต่วันที่ 24 – 27 มีนาคม 2559 นี้ <strong>เพียง 4 วันเท่านั้น</strong> บอกได้คำเดียว งานนี้ห้ามพลาด!!!!</p>\r\n <img class="img-responsive" src="/images/events/2016-03-31/description/20160331-122032-Promotion-Fitflp-Sale-up-to-50-in-Xclusive-Sale-up-to-80-@-Rayong-Mar.2016-P1.jpg" style="width: 800px;"><br><div style="" id="stcpDiv"><p><span style="text-align: center;"><strong><span style="color: #ff7d41;">Promotion2U Shopping Guide</span></strong> : <strong>โบรชัวร์ Fitflop Sale </strong>รุ่นที่ร่วมรายการในงาน<strong><span style="color: #ff2600;"> โปรโมชั่น Fitflp Sale 2016 ลดสูงสุด 50% ที่งาน Xclusive Sale up to 80% Off @ Rayong [มีค.59] </span></strong>มาแล้วค่ะ!!! </span><span style="text-align: center;">มีรายละเอียดรุ่นและสีที่มีเซลภายในงานแจ้งมาเรียบร้อย บอกราคามาเสร็จสรรพเลยค่ะ!!!</span></p>\r\n<p style="text-align: center;"><span style="text-align: center;"><em style="text-align: center;"><span style="color: #3a7dff;"><br></span></em></span></p>\r\n<h4 style="text-align: center;"><strong><em><span style="color: #808080;">รองเท้า Fitflop ผู้หญิง ลดเยอะจริงๆ ลด 40% มีให้ช้อปกันถึง 26 รุ่น และ Sale 30% มีให้เลือกอีก 6 รุ่นเลยจ้าาา!!!</span></em></strong></h4>\r\n<h4 style="text-align: center;"><strong><em><span style="color: #808080;">ส่วนรองเท้าผู้ชายก็มีแถมยังเซลแรงกว่าอีก ลด 50% อีก 8 รุ่นเลยจ๊ะ!!! <br></span></em></strong></h4><p><br></p><p><img class="img-responsive" src="/images/events/2016-03-31/description/20160331-122136-Promotion-Fitflp-Sale-up-to-50-in-Xclusive-Sale-up-to-80-@-Rayong-Mar.2016-P3.jpg" style="width: 800px;"></p><p><br></p>\r\n </div><br><div style="" id="stcpDiv">นอกจากนี้ยังมีสินค้าสุดพิเศษ <strong>Fitflop ราคาเดียว 1,590 บาทถ้วนๆ อีกถึง 6 รุ่น</strong>กัน\r\nเลยทีเดียว!!! ใครที่อยากได้ของดีของถูกงานนี้ห้ามพลาดเลยค่ะ!!!!<br><br><img class="img-responsive" src="/images/events/2016-03-31/description/20160331-122200-Promotion-Fitflp-Sale-up-to-50-in-Xclusive-Sale-up-to-80-@-Rayong-Mar.2016-P4.jpg" style="width: 800px;"><br></div></div></div></div>', '2016-03-24', '2016-03-27', 'Y', '2016-03-31', '2016-03-31 05:24:43', '2016-03-31 05:24:43', 1, 4, NULL),
(49, 'โปรโมชั่น Watsons สินค้าใหม่ ราคาพิเศษ', 'promotions-watsons-new-rates', 'images/events/2016-03-31/20160331-130840-2559.jpg', 'พบกับสินค้าใหม่ที่ วัตสัน New Products Rise and Shine everyday ให้ทุกวันคือความสดใสแบบของคุณ รีบมาช้อปผลิตภัณฑ์ความงามที่สาวๆ ชื่นชอบ ในราคาสุดพิเศษ', '<div><p><strong>โปรโมชั่น Watsons สินค้าใหม่ ราคาพิเศษ</strong> \nไม่ว่าจะเป็น วัตสัน เดอร์ม่าพลัส บายวัตสัน ซีซีครีม SPF50 40 มิลลิลิตร  \nซีเอ อีเอ็กซ์เดย์ครีม  เมย์เบลลีน บิ๊กอายบาร์บี้มาสคารา  บีเค มาสก์ \nแอคเน่มาส์กล้างออก 30 กรัม และสินค้าอื่นๆ อีกมากมาย  ตั้งแต่วันนี้ – 20 \nเมษายน 2559 ที่ร้าน Watsons ทุกสาขา</p><p><strong>รายละเอียดโปรโมชั่น</strong></p>\n<ul><li>เมย์เบลลีน บิ๊กอายบาร์บี้มาสคาร่า (เฉพาะสาขาที่มีเคาน์เตอร์เมย์เบลลีนเท่านั่น) ราคาเพียง 299 บาท (ราคาปกติ 349 บาท)</li><li>วัตสัน เดอร์ม่าพลัส บายวัตสัน ซีซีครีม SPF50 40 มิลลิลิตร ราคาเพียง 550 บาท</li><li>วัตสัน เพียววอเตอร์ สเปรย์ 50 มิลลิลิตร ราคาเพียง 84 บาท (ราคาปกติ 169 บาท) เฉพาะสมาชิกวัตสันเท่านั้น</li><li>นีเวีย ซันโพรเท็คแอนด์ไวท์ ออยล์คอนโทรล เซรั่ม SPF 50+ PA+++ ราคาเพียง199 บาท (ราคาปกติ 279 บาท)</li><li>บีเค มาสก์ แอคเน่มาส์กล้างออก 30 กรัม ราคาเพียง 389 บาท (ราคาปกติ 680 บาท)</li><li>ซีเอ โทเทิลไฮเดรชั่น บีบีครีม ยูวีไวท์ SPF50++ ราคาเพียง 275 บาท ฟรี\n บีบีครีมยูวี ของแถมในแพค (เฉพาะสาขาที่มีเคาน์เตอร์ซีเอเท่านั้น</li><li>ซีเอ อีเอ็กซ์เดย์ครีม ราคาเพียง 450 บาท ฟรี ไนท์ครีม ของแถมในแพค (เฉพาะสาขาที่มีเคาน์เตอร์ซีเอเท่านั้น)</li><li>เซนทรัม ซิลเวอร์ ดีเอล กล่อง 30 เม็ด ราคาเพียง 309 บาท (ราคาปกติ 339 บาท)</li><li>หนุย เอสแอลเอ็ม 10 แคปซูล ราคาเพียง 395 บาท</li></ul><p><em>ระยะเวลาโปรโมชั่น : </em><em>ตั้งแต่วันนี้ – 20 เมษายน 2559</em></p></div>', '2016-03-31', '2016-04-20', 'Y', '2016-03-31', '2016-03-31 06:08:40', '2016-03-31 06:08:40', 1, 4, NULL),
(50, 'Salute summer ช้อปฟิน บินหรู รับซัมเมอร์ (10 มี.ค. -17 เม.ย.59)', 'salute-summer-10-mar-17-apr-2016', 'images/events/2016-03-31/20160331-162240-Salute-summer.jpg', 'Salute summer ช้อปฟิน บินหรู รับซัมเมอร์ รับคูปองส่วนลดสูงสุด 50%* เมื่อช้อปครบ หรือ ใช้ M Point', '<div><p><strong>อภิสิทธิ์เฉพาะสมาชิกบัตร M Card</strong></p>\r\n<p>บินฟรีที่นั่งชั้น Business class เลือกบินได้กว่า 150 เส้นทางได้ทั่วโลก จาก Qatar airways<br>\r\nรางวัลละ 474,800 บาท จำนวน 2 รางวัล, รางวัลละ 2 ที่นั่ง<br>\r\nรวมมูลค่ากว่า 900,000 บาท ลุ้นรับเมื่อช้อปผ่านบัตร ภายในห้างฯ ทุก 2,000 บาท *</p>\r\n<p><strong>51 TOP SPENDER REWARDS</strong><br>\r\nรับฟรี บัตรกำนัลห้องพัก รวมมูลค่ากว่า 800,000 บาท*</p>\r\n<p><strong>อันดับ 1 : Conrad Koh Samui</strong><br>\r\nOceanview 3 Bedrooms Pool Villa 3 วัน 2 คืน<br>\r\nมูลค่า 362,000 บาท<br>\r\nเมื่อมียอดซื้อขั้นต่ำ 500,000 บาท</p>\r\n<p><strong>อันดับ 2-26: Dhevan Dara Resort & Spa Hua Hin</strong><br>\r\nJasmine Private Villa 2 วัน 1 คืน มูลค่า 9,945 บาท<br>\r\nรวมมูลค่า 248,625 บาท เมื่อมียอดซื้อขั้นต่ำ 100,000 บาท</p>\r\n<p><strong>อันดับ 27-51 : Hua Hin Marriott Resort & Spa</strong><br>\r\nSuperior Room 2 วัน 1 คืน มูลค่า 9,454 บาท<br>\r\nรวมมูลค่า 236,350 บาท เมื่อมียอดซื้อขั้นต่ำ 100,000 บาท</p>\r\n<p>รับเงินคืนสูงสุด 15%* จากบัตรเครดิตที่ร่วมรายการ</p>\r\n<p><strong>ระยะเวลาโปรโมชั่น 10 มีนาคม -17 เมษายน 2559  นี้ ที่ เดอะมอลล์ทุกสาขา , สยาม พารากอน, เอ็มโพเรียม , เอ็มควอเทียร์</strong></p><p><strong><img class="img-responsive" src="/images/events/2016-03-31/description/20160331-162130-Salute-summer.jpg" style="width: 640px;"></strong></p><p><br></p><p>*ตรวจสอบเงื่อนไขเพิ่มเติม ณ จุดขาย</p>\r\n<p>ที่มาข่าวโปรโมชั่น <a href="http://themallgroup.com" rel="external nofollow" title="" class="ext-link" data-wpel-target="_blank">http://themallgroup.com</a></p></div>', '2016-03-10', '2016-04-17', 'Y', '2016-03-31', '2016-03-31 09:22:40', '2016-03-31 09:22:40', 1, 4, NULL),
(51, 'Watsons ซื้อชิ้นที่ 2 ในราคา 1 บาท (18 ก.พ.- 23 มี.ค. 59)', 'watsons-18-feb-23-mar-2016', 'images/events/2016-03-31/20160331-174252-Screen-Shot-2559-02-18-at-5.21.03-PM-640x481.jpg', 'ชวนสาวๆเตรียมช้อปรับซัมเมอร์ กับสินค้าโปรโมชั่นพิเศษ ซื้อ 1 แถม 1 อาทิ “คอรีนเดอฟาร์ม ไมเซลล่า สูตรน้ำ/สูตรเจล 500มล.” ราคา 850 บาท พิเศษ ซื้อ 1 แถม 1', '<div><p>โปรโมชั่น “วัตสัน ซื้อชิ้นที่ 2 ในราคา 1 บาท”</p>\r\n<p>1 บาทจัดการทุกสวย ซื้อชิ้นแรกในราคาปกติ ซื้อชิ้นที่สองเพียง 1 บาท กับสินค้าร่วมรายการมากมาย</p>\r\n<p><strong>ระยะเวลาโปรโมชั่น ตั้งแต่วันที่ 18 กุมภาพันธ์ – 23 มีนาคม 2559 ที่ร้านวัตสันกว่า 380 สาขาทั่วประเทศ</strong></p>\r\n<p>โบร์ชัวร์ สินค้าที่ร่วมรายการ 1 บาท</p><p><img class="img-responsive" src="/images/events/2016-03-31/description/20160331-174239-944915_1121684057875770_5363345305857220481_n.jpg" style="width: 960px;"><br></p></div>', '2016-02-18', '2016-03-23', 'Y', '2016-03-31', '2016-03-31 10:42:52', '2016-03-31 10:42:52', 1, 4, NULL),
(52, 'MBK CENTER Summer Aloha! (11 เม.ย. – 8 พ.ค.59)', 'mbk-center-summer-aloha', 'images/events/2016-03-31/20160331-181628-MBK-CENTER-Summer-Aloha-1-640x640.jpg', 'Summer Aloha! ซัมเมอร์นี้ชวนมาช้อป ชวนมากิน ชวนมาเพลิน กับกิจกรรมและโปรฯ สุดพิเศษ\r\n\r\nช้อปภายในศูนย์การค้า รับฟรี Cool Cup หรือ Summer Bag* พิเศษ ใช้จ่ายครบ 1,000 บาท ที่โซน Outlet In Town ชั้น 5 และ The Foodies ชั้น 6 รับฟรี Gift Voucher 100 บาท* ทันที  1', '<div><p>Summer Aloha! ซัมเมอร์นี้ชวนมาช้อป ชวนมากิน ชวนมาเพลิน กับกิจกรรมและโปรฯ สุดพิเศษ</p>\r\n<p>ช้อปภายในศูนย์การค้า รับฟรี Cool Cup หรือ Summer Bag*<br>\r\nพิเศษ ใช้จ่ายครบ 1,000 บาท ที่โซน Outlet In Town ชั้น 5 และ The Foodies ชั้น 6 รับฟรี Gift Voucher 100 บาท* ทันที</p>\r\n<p><strong>ระยะเวลาโปรโมชั่น 11 เมษายน – 8 พฤษภาคม 2559 นี้ ที่ MBK Center</strong></p><p><strong><img class="img-responsive" src="/images/events/2016-03-31/description/20160331-181216-MBK-CENTER-Summer-Aloha-1-640x640.jpg" style="width: 640px;"><br></strong></p></div>', '2016-04-11', '2016-05-08', 'Y', '2016-03-31', '2016-03-31 11:16:28', '2016-03-31 11:16:28', 1, 4, NULL),
(53, 'โปรฯ 7-11 เมษายน 2559 “แลกซื้อสุดคุ้ม” (26 มี.ค. – 25 เม.ย. 59)', '7-11-april-2016', 'images/events/2016-04-01/20160401-110850-7-11-APRIL-1.jpg', 'โปรโมชั่น 7-eleven (7-11 เซเว่น อีเลฟเว่น) ประจำเดือน เมษายน 2559 (เม.ย.59 April 2016)\r\nระยะเวลาโปรโมชั่น 26 มีนาคม – 25 เมษายน  2559 นี้เท่านั้น', '<div><p>โปรโมชั่น แลกซื้อสุดคุ้ม พบกับสินค้าราคาพิเศษกว่า 100 รายการ ซื้อครบ 40 บาท รับสิทธิ์ แลกซื้อ 1 สิทธิ์</p>\r\n<p>* สมาชิก 7 card รับสิทธิ์แลกซื้อ 2 สิทธิ์, จ่าย เคาน์เตอร์เซอร์วิส ทุกๆ 1 บิล รับสิทธิ์แลกซื้อ 1 สิทธิ์<br>\r\n** ซื้อเครื่องดื่มทัฟ / สเลอปี้ / เครื่องดื่มเย็น เซเว่นซีเล็ค size M \r\n(16 ออนซ์) ขึ้นไป หรือเครื่องดื่ม All Cafe เฉพาะเมนูเย็น / ปั่น  \r\n(ทุกรสชาติ) 1 แก้ว รับ 1 สทิธ์</p>\r\n<p><strong>โบร์ชัวร์รายการสินค้าจัดโปรโมชั่น</strong></p>\r\n</div>', '2016-03-26', '2016-04-25', 'Y', '2016-04-01', '2016-04-01 04:08:50', '2016-04-01 04:08:50', 1, 4, NULL);
INSERT INTO `events` (`id`, `title`, `url_slug`, `image`, `brief`, `description`, `start_date`, `end_date`, `active`, `published_at`, `created_at`, `updated_at`, `user_id`, `brand_id`, `deleted_at`) VALUES
(55, 'Promotion Nivea Summer Sale up to 50% Off @ Lazada', 'promotion-nivea-summer-sale-up-to-50-off-at-lazada', 'images/events/2016-04-05/20160405-110252-promotion-nivea-summer-sale-up-to-50-off-at-lazada.jpg', 'ลดแรงมาก ลดรับสงกรานต์กันไปเลย กับ กองทัพสินค้านีเวีย ที่ลดสูงสุดถึง 50% สะดวกและคุ้มแบบนี้คลิกเลย ช้อปออนไลน์คลิกง่ายๆก็สั่งมาส่งให้ถึงบ้านได้ทันที!!! แค่ช้อปผ่านเว็บ Lazada', '<div><div style="" id="stcpDiv"><div class="entry-headline"><p>ลดแรงมาก ลดรับสงกรานต์กันไปเลย กับ กองทัพสินค้านีเวีย ที่ลดสูงสุดถึง 50% สะดวกและคุ้มแบบนี้คลิกเลย</p>\r\n			    </div>\r\n				    \r\n	<div class="entry-content">\r\n		<p>ลดแรงมาก ลดรับสงกรานต์กันไปเลย กับ<strong><span style="color: #ff2600;"> กองทัพสินค้านีเวีย ที่ลดสูงสุดถึง 50% </span></strong>สะดวกและคุ้มแบบนี้คลิกเลย ช้อปออนไลน์คลิกง่ายๆก็สั่งมาส่งให้ถึงบ้านได้ทันที!!! แค่ช้อปผ่านเว็บ <strong>Lazada</strong></p>\r\n<p>ของใช้สามัญประจำบ้านกับโปรดีๆที่ไม่อยากให้พลาด!!! คุ้มที่สุดแห่งปีกับนีเวียสกินแคร์ราคาสุดประหยัด!!!</p></div> <img class="img-responsive" src="/images/events/2016-04-05/description/20160405-110114-promotion-nivea-summer-sale-up-to-50-off-at-lazada-p2.png" style="width: 600px;"><br><div style="" id="stcpDiv"><p><strong><span style="color: #515151;">NIVEA Extra White Firming Body Lotion</span></strong> 600ml <strong>(แพ็คคู่)</strong></p>\r\n<ul><li><strong><span style="color: #ff2600;">ลด 55%</span></strong> เหลือเพียง <strong><span style="color: #ff2600;">259</span></strong> บาท <em><span style="color: #929292;">(ราคาปกติ <strong>570</strong> บาท)</span></em></li></ul>\r\n<p><strong><span style="color: #515151;"> NIVEA Body White & Repair UV Body Lotion</span></strong> 600ml <strong>(แพ็คคู่)<br></strong></p>\r\n<ul><li><span style="color: #ff2600;"><strong>ลด 55%</strong> เ</span>หลือเพียง <span style="color: #ff2600;"><strong>259</strong></span> บาท <em><span style="color: #929292;">(ราคาปกติ <strong>570</strong> บาท)</span></em></li></ul>\r\n<p><strong><span style="color: #515151;"> NIVEA Extra White Firming Body Serum SPF50</span></strong> 320ml <strong>(แพ็คคู่)</strong></p>\r\n<ul><li><span style="color: #ff2600;"><strong>ลด 53% </strong></span>เหลือเพียง <strong><span style="color: #ff2600;">259</span></strong> บาท<em><span style="color: #929292;"> (ราคาปกติ <strong>550</strong> บาท)</span></em></li></ul>\r\n<p><strong><span style="color: #515151;">NIVEA Instant White Firming Body Serum SPF50</span></strong> 320ml<strong> <em>(แพ็คคู่) </em></strong></p>\r\n<ul><li><span style="font-weight: bold; color: #ff2600;">ลด 53% </span>เหลือเพียง <strong><span style="color: #ff2600;">259</span></strong> บาท -53% <em><span style="color: #929292;">(ราคาปกติ <strong>550</strong> บาท)</span></em></li></ul>\r\n<p>ขาวอย่างมั่นใจ ไร้ริ้วรอย ด้วย<strong><span style="color: #0433ff;"> Nivea White Firm Lotion</span></strong> กับช่วงลดราคาคุ้มที่สุดแห่งปี</p>\r\n<h3 style="text-align: center;">สะดวกและคุ้มแบบนี้คลิกเลย <a href="http://goo.gl/1PCnCb" class="external" rel="nofollow">http://www.lazada.co.th/niveathailand/</a></h3> <img class="img-responsive" src="/images/events/2016-04-05/description/20160405-110147-promotion-nivea-summer-sale-up-to-50-off-at-lazada.jpg" style="width: 800px;"><br><div style="" id="stcpDiv"><p><strong><span style="text-decoration: underline;"><span style="color: #0433ff;">NIVEA EXTRA WHITE FIRMING BODY LOTION : นีเวีย® เอ็กซ์ตร้า ไวท์ เฟิร์มมิ่ง บอดี้ โลชั่น</span></span></strong></p>\r\n<p><span style="color: #929292;">โลชั่นบำรุงและนวดกระชับผิวกายผสมสาร\r\nป้องกันแสงแดดเพื่อผิวกระจ่างใส เรียบเนียน \r\nกระชับ ไม่เพียงเข้าฟื้นบำรุงผิวคล้ำเสีย แต่ยังช่วยกระชับผิว</span></p>\r\n<ul><li><span style="color: #929292;">ด้วยคอลลาเจน และ Q10 ช่วยเพิ่มความยืดหยุ่นให้กับผิว และ กระชับผิวให้เรียบเนียน</span></li><li><span style="color: #929292;">วิตามินซีสูง 50 เท่า จาก คามู คามู ช่วยฟื้นบำรุงผิวคล้ำเสีย สะสมลึก</span></li><li><span style="color: #929292;">UVA และ UVB โพรเท็ค ปกป้องผิวจากแสงแดด</span></li><li><span style="color: #929292;">เนื้อโลชั่นบางเบา ซึมซาบเร็ว ไม่เหนียวเหนอะหนะ ผ่านการทดสอบจากผู้เชี่ยวชาญด้านผิวพรรณแล้ว</span></li><li><span style="color: #929292;">ใหม่ นีเวีย ไวท์ เฟิร์ม ทรีทเมนต์ \r\nเซรั่ม และโลชั่น ช่วยฟื้นบำรุงผิวคล้ำเสีย และยังช่วยกระชับผิวด้วยสูตร \r\nทรีทเมนต์ คอลลาเจน Q10 ขั้นกว่าของการบำรุงผิวอย่างล้ำลึก \r\nตรงเข้าฟื้นบำรุงผิวเพื่อให้ผิวของคุณกลับดูขาวกระจ่างใสมีออร่า \r\nและเฟิร์มกระชับทั่วเรือนร่าง พร้อมเหนือกว่าด้วยการปกป้องสูงสุดจากนีเวีย \r\nเพื่อผิวขาว เนียน กระชับ ให้คุณสนุกไปกับทุกแฟชั่นอย่างมั่นใจ \r\nใส่ชุดไหนก็ขาว และกระชับ ดูไร้ 10 จุดแผละ</span></li></ul></div></div></div></div>', '2016-04-05', '2016-04-30', 'Y', '2016-04-05', '2016-04-05 04:02:52', '2016-04-05 04:02:52', 1, 1, NULL);

-- --------------------------------------------------------

--
-- Table structure for table `event_branch`
--

CREATE TABLE `event_branch` (
  `event_id` int(10) UNSIGNED NOT NULL,
  `branch_id` int(10) UNSIGNED NOT NULL,
  `created_at` timestamp NULL DEFAULT NULL,
  `updated_at` timestamp NULL DEFAULT NULL
) ENGINE=InnoDB DEFAULT CHARSET=utf8 COLLATE=utf8_unicode_ci;

--
-- Dumping data for table `event_branch`
--

INSERT INTO `event_branch` (`event_id`, `branch_id`, `created_at`, `updated_at`) VALUES
(41, 1, '2016-03-30 05:06:09', '2016-03-30 05:06:09'),
(42, 1, '2016-03-30 05:55:42', '2016-03-30 05:55:42'),
(43, 1, '2016-03-30 07:18:55', '2016-03-30 07:18:55'),
(44, 1, '2016-03-30 07:28:52', '2016-03-30 07:28:52'),
(44, 3, '2016-03-30 07:28:52', '2016-03-30 07:28:52'),
(45, 1, '2016-03-30 07:44:22', '2016-03-30 07:44:22'),
(45, 2, '2016-03-30 07:44:22', '2016-03-30 07:44:22'),
(45, 3, '2016-03-30 07:44:22', '2016-03-30 07:44:22'),
(45, 4, '2016-03-30 07:44:22', '2016-03-30 07:44:22'),
(46, 1, '2016-03-30 07:59:04', '2016-03-30 07:59:04'),
(46, 2, '2016-03-30 07:59:04', '2016-03-30 07:59:04'),
(46, 3, '2016-03-30 07:59:04', '2016-03-30 07:59:04'),
(46, 4, '2016-03-30 07:59:04', '2016-03-30 07:59:04'),
(47, 1, '2016-03-31 05:11:49', '2016-03-31 05:11:49'),
(48, 1, '2016-03-31 05:24:43', '2016-03-31 05:24:43'),
(49, 1, '2016-03-31 06:08:40', '2016-03-31 06:08:40'),
(50, 1, '2016-03-31 09:22:40', '2016-03-31 09:22:40'),
(51, 1, '2016-03-31 10:42:52', '2016-03-31 10:42:52'),
(52, 1, '2016-03-31 11:16:28', '2016-03-31 11:16:28'),
(53, 1, '2016-04-01 04:08:50', '2016-04-01 04:08:50'),
(55, 1, '2016-04-05 04:02:52', '2016-04-05 04:02:52'),
(55, 2, '2016-04-05 04:02:52', '2016-04-05 04:02:52'),
(55, 3, '2016-04-05 04:02:52', '2016-04-05 04:02:52'),
(55, 4, '2016-04-05 04:02:52', '2016-04-05 04:02:52');

-- --------------------------------------------------------

--
-- Table structure for table `event_category`
--

CREATE TABLE `event_category` (
  `event_id` int(10) UNSIGNED NOT NULL,
  `cate_id` int(10) UNSIGNED NOT NULL,
  `created_at` timestamp NULL DEFAULT NULL,
  `updated_at` timestamp NULL DEFAULT NULL
) ENGINE=InnoDB DEFAULT CHARSET=utf8 COLLATE=utf8_unicode_ci;

--
-- Dumping data for table `event_category`
--

INSERT INTO `event_category` (`event_id`, `cate_id`, `created_at`, `updated_at`) VALUES
(55, 1, '2016-04-05 04:02:52', '2016-04-05 04:02:52');

-- --------------------------------------------------------

--
-- Table structure for table `event_gallery`
--

CREATE TABLE `event_gallery` (
  `event_id` int(10) UNSIGNED NOT NULL,
  `gallery_id` int(10) UNSIGNED NOT NULL,
  `created_at` timestamp NULL DEFAULT NULL,
  `updated_at` timestamp NULL DEFAULT NULL
) ENGINE=InnoDB DEFAULT CHARSET=utf8 COLLATE=utf8_unicode_ci;

--
-- Dumping data for table `event_gallery`
--

INSERT INTO `event_gallery` (`event_id`, `gallery_id`, `created_at`, `updated_at`) VALUES
(41, 174, '2016-03-30 05:06:09', '2016-03-30 05:06:09'),
(42, 175, '2016-03-30 05:55:42', '2016-03-30 05:55:42'),
(43, 176, '2016-03-30 07:18:55', '2016-03-30 07:18:55'),
(44, 177, '2016-03-30 07:28:52', '2016-03-30 07:28:52'),
(45, 178, '2016-03-30 07:44:22', '2016-03-30 07:44:22'),
(45, 179, '2016-03-30 07:44:22', '2016-03-30 07:44:22'),
(45, 180, '2016-03-30 07:44:22', '2016-03-30 07:44:22'),
(45, 181, '2016-03-30 07:44:22', '2016-03-30 07:44:22'),
(45, 182, '2016-03-30 07:44:22', '2016-03-30 07:44:22'),
(46, 183, '2016-03-30 07:59:05', '2016-03-30 07:59:05'),
(46, 184, '2016-03-30 07:59:05', '2016-03-30 07:59:05'),
(46, 185, '2016-03-30 07:59:05', '2016-03-30 07:59:05'),
(47, 186, '2016-03-31 05:11:49', '2016-03-31 05:11:49'),
(47, 187, '2016-03-31 05:11:49', '2016-03-31 05:11:49'),
(47, 188, '2016-03-31 05:11:49', '2016-03-31 05:11:49'),
(47, 189, '2016-03-31 05:11:50', '2016-03-31 05:11:50'),
(47, 190, '2016-03-31 05:11:50', '2016-03-31 05:11:50'),
(47, 191, '2016-03-31 05:11:50', '2016-03-31 05:11:50'),
(47, 192, '2016-03-31 05:11:50', '2016-03-31 05:11:50'),
(47, 193, '2016-03-31 05:11:50', '2016-03-31 05:11:50'),
(47, 194, '2016-03-31 05:11:50', '2016-03-31 05:11:50'),
(48, 195, '2016-03-31 05:24:43', '2016-03-31 05:24:43'),
(48, 196, '2016-03-31 05:24:43', '2016-03-31 05:24:43'),
(48, 197, '2016-03-31 05:24:43', '2016-03-31 05:24:43'),
(49, 198, '2016-03-31 06:08:40', '2016-03-31 06:08:40'),
(50, 199, '2016-03-31 09:22:40', '2016-03-31 09:22:40'),
(52, 200, '2016-03-31 11:16:29', '2016-03-31 11:16:29'),
(52, 201, '2016-03-31 11:16:29', '2016-03-31 11:16:29'),
(53, 202, '2016-04-01 04:08:50', '2016-04-01 04:08:50'),
(53, 203, '2016-04-01 04:08:50', '2016-04-01 04:08:50'),
(53, 204, '2016-04-01 04:08:50', '2016-04-01 04:08:50'),
(53, 205, '2016-04-01 04:08:50', '2016-04-01 04:08:50'),
(53, 206, '2016-04-01 04:08:50', '2016-04-01 04:08:50'),
(53, 207, '2016-04-01 04:08:50', '2016-04-01 04:08:50'),
(53, 208, '2016-04-01 04:08:51', '2016-04-01 04:08:51'),
(53, 209, '2016-04-01 04:08:51', '2016-04-01 04:08:51'),
(53, 210, '2016-04-01 04:08:51', '2016-04-01 04:08:51'),
(53, 211, '2016-04-01 04:08:51', '2016-04-01 04:08:51'),
(53, 212, '2016-04-01 04:08:51', '2016-04-01 04:08:51'),
(53, 213, '2016-04-01 04:08:51', '2016-04-01 04:08:51'),
(53, 214, '2016-04-01 04:08:51', '2016-04-01 04:08:51'),
(53, 215, '2016-04-01 04:08:51', '2016-04-01 04:08:51'),
(53, 216, '2016-04-01 04:08:51', '2016-04-01 04:08:51'),
(53, 217, '2016-04-01 04:08:51', '2016-04-01 04:08:51'),
(53, 218, '2016-04-01 04:08:51', '2016-04-01 04:08:51'),
(53, 219, '2016-04-01 04:08:51', '2016-04-01 04:08:51'),
(53, 220, '2016-04-01 04:08:51', '2016-04-01 04:08:51'),
(53, 221, '2016-04-01 04:08:51', '2016-04-01 04:08:51'),
(55, 222, '2016-04-05 04:02:52', '2016-04-05 04:02:52');

-- --------------------------------------------------------

--
-- Table structure for table `event_location`
--

CREATE TABLE `event_location` (
  `event_id` int(10) UNSIGNED NOT NULL,
  `location_id` int(10) UNSIGNED NOT NULL,
  `created_at` timestamp NULL DEFAULT NULL,
  `updated_at` timestamp NULL DEFAULT NULL
) ENGINE=InnoDB DEFAULT CHARSET=utf8 COLLATE=utf8_unicode_ci;

--
-- Dumping data for table `event_location`
--

INSERT INTO `event_location` (`event_id`, `location_id`, `created_at`, `updated_at`) VALUES
(41, 14, '2016-03-30 05:06:10', '2016-03-30 05:06:10'),
(42, 15, '2016-03-30 05:55:42', '2016-03-30 05:55:42'),
(43, 16, '2016-03-30 07:18:56', '2016-03-30 07:18:56'),
(44, 17, '2016-03-30 07:28:52', '2016-03-30 07:28:52'),
(45, 18, '2016-03-30 07:44:22', '2016-03-30 07:44:22'),
(46, 19, '2016-03-30 07:59:05', '2016-03-30 07:59:05'),
(47, 20, '2016-03-31 05:11:50', '2016-03-31 05:11:50'),
(48, 21, '2016-03-31 05:24:43', '2016-03-31 05:24:43'),
(49, 22, '2016-03-31 06:08:41', '2016-03-31 06:08:41'),
(50, 23, '2016-03-31 09:22:40', '2016-03-31 09:22:40'),
(52, 16, '2016-03-31 11:16:29', '2016-03-31 11:16:29'),
(53, 24, '2016-04-01 04:08:51', '2016-04-01 04:08:51'),
(55, 25, '2016-04-05 04:02:52', '2016-04-05 04:02:52');

-- --------------------------------------------------------

--
-- Table structure for table `event_tag`
--

CREATE TABLE `event_tag` (
  `event_id` int(10) UNSIGNED NOT NULL,
  `tag_id` int(10) UNSIGNED NOT NULL,
  `created_at` timestamp NULL DEFAULT NULL,
  `updated_at` timestamp NULL DEFAULT NULL
) ENGINE=InnoDB DEFAULT CHARSET=utf8 COLLATE=utf8_unicode_ci;

--
-- Dumping data for table `event_tag`
--

INSERT INTO `event_tag` (`event_id`, `tag_id`, `created_at`, `updated_at`) VALUES
(41, 10, '2016-03-30 05:06:09', '2016-03-30 05:06:09'),
(41, 11, '2016-03-30 05:06:09', '2016-03-30 05:06:09'),
(41, 12, '2016-03-30 05:06:09', '2016-03-30 05:06:09'),
(41, 13, '2016-03-30 05:06:09', '2016-03-30 05:06:09'),
(41, 14, '2016-03-30 05:06:09', '2016-03-30 05:06:09'),
(41, 15, '2016-03-30 05:06:09', '2016-03-30 05:06:09'),
(42, 16, '2016-03-30 05:55:42', '2016-03-30 05:55:42'),
(42, 10, '2016-03-30 05:55:42', '2016-03-30 05:55:42'),
(42, 17, '2016-03-30 05:55:42', '2016-03-30 05:55:42'),
(42, 18, '2016-03-30 05:55:42', '2016-03-30 05:55:42'),
(43, 19, '2016-03-30 07:18:55', '2016-03-30 07:18:55'),
(43, 20, '2016-03-30 07:18:55', '2016-03-30 07:18:55'),
(43, 21, '2016-03-30 07:18:55', '2016-03-30 07:18:55'),
(43, 22, '2016-03-30 07:18:55', '2016-03-30 07:18:55'),
(44, 23, '2016-03-30 07:28:52', '2016-03-30 07:28:52'),
(44, 24, '2016-03-30 07:28:52', '2016-03-30 07:28:52'),
(44, 25, '2016-03-30 07:28:52', '2016-03-30 07:28:52'),
(44, 26, '2016-03-30 07:28:52', '2016-03-30 07:28:52'),
(45, 27, '2016-03-30 07:44:22', '2016-03-30 07:44:22'),
(45, 28, '2016-03-30 07:44:22', '2016-03-30 07:44:22'),
(45, 29, '2016-03-30 07:44:22', '2016-03-30 07:44:22'),
(45, 30, '2016-03-30 07:44:22', '2016-03-30 07:44:22'),
(46, 31, '2016-03-30 07:59:04', '2016-03-30 07:59:04'),
(46, 15, '2016-03-30 07:59:04', '2016-03-30 07:59:04'),
(46, 32, '2016-03-30 07:59:05', '2016-03-30 07:59:05'),
(46, 33, '2016-03-30 07:59:05', '2016-03-30 07:59:05'),
(47, 34, '2016-03-31 05:11:49', '2016-03-31 05:11:49'),
(47, 35, '2016-03-31 05:11:49', '2016-03-31 05:11:49'),
(47, 15, '2016-03-31 05:11:49', '2016-03-31 05:11:49'),
(47, 36, '2016-03-31 05:11:49', '2016-03-31 05:11:49'),
(48, 37, '2016-03-31 05:24:43', '2016-03-31 05:24:43'),
(48, 38, '2016-03-31 05:24:43', '2016-03-31 05:24:43'),
(48, 39, '2016-03-31 05:24:43', '2016-03-31 05:24:43'),
(48, 40, '2016-03-31 05:24:43', '2016-03-31 05:24:43'),
(48, 41, '2016-03-31 05:24:43', '2016-03-31 05:24:43'),
(48, 42, '2016-03-31 05:24:43', '2016-03-31 05:24:43'),
(48, 14, '2016-03-31 05:24:43', '2016-03-31 05:24:43'),
(48, 43, '2016-03-31 05:24:43', '2016-03-31 05:24:43'),
(48, 44, '2016-03-31 05:24:43', '2016-03-31 05:24:43'),
(49, 45, '2016-03-31 06:08:40', '2016-03-31 06:08:40'),
(49, 46, '2016-03-31 06:08:40', '2016-03-31 06:08:40'),
(49, 47, '2016-03-31 06:08:40', '2016-03-31 06:08:40'),
(50, 48, '2016-03-31 09:22:40', '2016-03-31 09:22:40'),
(50, 49, '2016-03-31 09:22:40', '2016-03-31 09:22:40'),
(50, 50, '2016-03-31 09:22:40', '2016-03-31 09:22:40'),
(50, 51, '2016-03-31 09:22:40', '2016-03-31 09:22:40'),
(52, 52, '2016-03-31 11:16:28', '2016-03-31 11:16:28'),
(52, 53, '2016-03-31 11:16:28', '2016-03-31 11:16:28'),
(52, 54, '2016-03-31 11:16:28', '2016-03-31 11:16:28'),
(52, 55, '2016-03-31 11:16:28', '2016-03-31 11:16:28'),
(52, 56, '2016-03-31 11:16:28', '2016-03-31 11:16:28'),
(53, 57, '2016-04-01 04:08:50', '2016-04-01 04:08:50'),
(53, 58, '2016-04-01 04:08:50', '2016-04-01 04:08:50'),
(53, 59, '2016-04-01 04:08:50', '2016-04-01 04:08:50'),
(53, 60, '2016-04-01 04:08:50', '2016-04-01 04:08:50'),
(53, 61, '2016-04-01 04:08:50', '2016-04-01 04:08:50'),
(55, 63, '2016-04-05 04:02:52', '2016-04-05 04:02:52'),
(55, 64, '2016-04-05 04:02:52', '2016-04-05 04:02:52'),
(55, 65, '2016-04-05 04:02:52', '2016-04-05 04:02:52'),
(55, 66, '2016-04-05 04:02:52', '2016-04-05 04:02:52');

-- --------------------------------------------------------

--
-- Table structure for table `galleries`
--

CREATE TABLE `galleries` (
  `id` int(10) UNSIGNED NOT NULL,
  `name` varchar(255) COLLATE utf8_unicode_ci NOT NULL,
  `image` varchar(255) COLLATE utf8_unicode_ci NOT NULL,
  `created_at` timestamp NULL DEFAULT NULL,
  `updated_at` timestamp NULL DEFAULT NULL
) ENGINE=InnoDB DEFAULT CHARSET=utf8 COLLATE=utf8_unicode_ci;

--
-- Dumping data for table `galleries`
--

INSERT INTO `galleries` (`id`, `name`, `image`, `created_at`, `updated_at`) VALUES
(1, '20160321-124626-12239323_10153071928287735_4178312734070069834_o.png', 'images/events/gallery/8/20160321-124626-12239323_10153071928287735_4178312734070069834_o.png', '2016-03-21 05:46:26', '2016-03-21 05:46:26'),
(2, '20160321-124626-12362918_10153112866382735_2612430192728861512_o.png', 'images/events/gallery/8/20160321-124626-12362918_10153112866382735_2612430192728861512_o.png', '2016-03-21 05:46:26', '2016-03-21 05:46:26'),
(3, '20160321-124626-12377960_10153119055572735_8755888106446427004_o.png', 'images/events/gallery/8/20160321-124626-12377960_10153119055572735_8755888106446427004_o.png', '2016-03-21 05:46:26', '2016-03-21 05:46:26'),
(4, '20160321-130329-886829_10153209599572735_4489920374041128174_o.png', 'images/events/gallery/9/20160321-130329-886829_10153209599572735_4489920374041128174_o.png', '2016-03-21 06:03:29', '2016-03-21 06:03:29'),
(5, '20160321-130329-11057915_10153147729232735_637266985031632821_o.png', 'images/events/gallery/9/20160321-130329-11057915_10153147729232735_637266985031632821_o.png', '2016-03-21 06:03:29', '2016-03-21 06:03:29'),
(6, '20160321-130329-12642852_1027319973973414_7607763868638415595_n.jpg', 'images/events/gallery/9/20160321-130329-12642852_1027319973973414_7607763868638415595_n.jpg', '2016-03-21 06:03:29', '2016-03-21 06:03:29'),
(7, '20160321-141608-12232896_10153084384562735_519466816880769986_o.png', 'images/events/gallery/10/20160321-141608-12232896_10153084384562735_519466816880769986_o.png', '2016-03-21 07:16:08', '2016-03-21 07:16:08'),
(8, '20160321-141608-12362918_10153112866382735_2612430192728861512_o.png', 'images/events/gallery/10/20160321-141608-12362918_10153112866382735_2612430192728861512_o.png', '2016-03-21 07:16:08', '2016-03-21 07:16:08'),
(9, '20160321-142941-11057915_10153147729232735_637266985031632821_o.png', 'images/events/gallery/11/20160321-142941-11057915_10153147729232735_637266985031632821_o.png', '2016-03-21 07:29:41', '2016-03-21 07:29:41'),
(10, '20160321-142941-12232896_10153084384562735_519466816880769986_o.png', 'images/events/gallery/11/20160321-142941-12232896_10153084384562735_519466816880769986_o.png', '2016-03-21 07:29:41', '2016-03-21 07:29:41'),
(11, '20160321-142941-12362918_10153112866382735_2612430192728861512_o.png', 'images/events/gallery/11/20160321-142941-12362918_10153112866382735_2612430192728861512_o.png', '2016-03-21 07:29:41', '2016-03-21 07:29:41'),
(12, '20160321-151823-11057915_10153147729232735_637266985031632821_o.png', 'images/events/gallery/12/20160321-151823-11057915_10153147729232735_637266985031632821_o.png', '2016-03-21 08:18:23', '2016-03-21 08:18:23'),
(13, '20160321-151823-12232896_10153084384562735_519466816880769986_o.png', 'images/events/gallery/12/20160321-151823-12232896_10153084384562735_519466816880769986_o.png', '2016-03-21 08:18:23', '2016-03-21 08:18:23'),
(14, '20160321-151823-12362918_10153112866382735_2612430192728861512_o.png', 'images/events/gallery/12/20160321-151823-12362918_10153112866382735_2612430192728861512_o.png', '2016-03-21 08:18:23', '2016-03-21 08:18:23'),
(15, '20160321-152133-11057915_10153147729232735_637266985031632821_o.png', 'images/events/gallery/13/20160321-152133-11057915_10153147729232735_637266985031632821_o.png', '2016-03-21 08:21:33', '2016-03-21 08:21:33'),
(16, '20160321-152133-12232896_10153084384562735_519466816880769986_o.png', 'images/events/gallery/13/20160321-152133-12232896_10153084384562735_519466816880769986_o.png', '2016-03-21 08:21:33', '2016-03-21 08:21:33'),
(17, '20160321-152133-12362918_10153112866382735_2612430192728861512_o.png', 'images/events/gallery/13/20160321-152133-12362918_10153112866382735_2612430192728861512_o.png', '2016-03-21 08:21:33', '2016-03-21 08:21:33'),
(18, '20160321-152343-11057915_10153147729232735_637266985031632821_o.png', 'images/events/gallery/14/20160321-152343-11057915_10153147729232735_637266985031632821_o.png', '2016-03-21 08:23:43', '2016-03-21 08:23:43'),
(19, '20160321-152343-12362918_10153112866382735_2612430192728861512_o.png', 'images/events/gallery/14/20160321-152343-12362918_10153112866382735_2612430192728861512_o.png', '2016-03-21 08:23:43', '2016-03-21 08:23:43'),
(20, '20160321-154225-10984246_896223867130710_2166548724750976092_n.jpg', 'images/events/gallery/16/20160321-154225-10984246_896223867130710_2166548724750976092_n.jpg', '2016-03-21 08:42:25', '2016-03-21 08:42:25'),
(21, '20160321-154225-11701011_872298936189870_3825141339666979757_o.jpg', 'images/events/gallery/16/20160321-154225-11701011_872298936189870_3825141339666979757_o.jpg', '2016-03-21 08:42:25', '2016-03-21 08:42:25'),
(22, '20160321-154225-12309837_10153094642157735_7957883727272439367_o.png', 'images/events/gallery/16/20160321-154225-12309837_10153094642157735_7957883727272439367_o.png', '2016-03-21 08:42:25', '2016-03-21 08:42:25'),
(23, '20160321-154225-12362918_10153112866382735_2612430192728861512_o.png', 'images/events/gallery/16/20160321-154225-12362918_10153112866382735_2612430192728861512_o.png', '2016-03-21 08:42:25', '2016-03-21 08:42:25'),
(24, '20160321-154225-12377960_10153119055572735_8755888106446427004_o.png', 'images/events/gallery/16/20160321-154225-12377960_10153119055572735_8755888106446427004_o.png', '2016-03-21 08:42:25', '2016-03-21 08:42:25'),
(25, '20160321-154244-10984246_896223867130710_2166548724750976092_n.jpg', 'images/events/gallery/17/20160321-154244-10984246_896223867130710_2166548724750976092_n.jpg', '2016-03-21 08:42:44', '2016-03-21 08:42:44'),
(26, '20160321-154244-11057915_10153147729232735_637266985031632821_o.png', 'images/events/gallery/17/20160321-154244-11057915_10153147729232735_637266985031632821_o.png', '2016-03-21 08:42:44', '2016-03-21 08:42:44'),
(27, '20160321-154244-11701011_872298936189870_3825141339666979757_o.jpg', 'images/events/gallery/17/20160321-154244-11701011_872298936189870_3825141339666979757_o.jpg', '2016-03-21 08:42:44', '2016-03-21 08:42:44'),
(28, '20160321-154244-12232756_10153073409852735_8330048690080739684_o.png', 'images/events/gallery/17/20160321-154244-12232756_10153073409852735_8330048690080739684_o.png', '2016-03-21 08:42:44', '2016-03-21 08:42:44'),
(29, '20160321-154244-12232896_10153084384562735_519466816880769986_o.png', 'images/events/gallery/17/20160321-154244-12232896_10153084384562735_519466816880769986_o.png', '2016-03-21 08:42:44', '2016-03-21 08:42:44'),
(30, '20160321-154244-12239323_10153071928287735_4178312734070069834_o.png', 'images/events/gallery/17/20160321-154244-12239323_10153071928287735_4178312734070069834_o.png', '2016-03-21 08:42:44', '2016-03-21 08:42:44'),
(31, '20160321-154244-12309837_10153094642157735_7957883727272439367_o.png', 'images/events/gallery/17/20160321-154244-12309837_10153094642157735_7957883727272439367_o.png', '2016-03-21 08:42:44', '2016-03-21 08:42:44'),
(32, '20160321-154244-12362918_10153112866382735_2612430192728861512_o.png', 'images/events/gallery/17/20160321-154244-12362918_10153112866382735_2612430192728861512_o.png', '2016-03-21 08:42:44', '2016-03-21 08:42:44'),
(33, '20160321-154244-12363135_10153112873172735_9137958772294526905_o.jpg', 'images/events/gallery/17/20160321-154244-12363135_10153112873172735_9137958772294526905_o.jpg', '2016-03-21 08:42:44', '2016-03-21 08:42:44'),
(34, '20160321-160115-10984246_896223867130710_2166548724750976092_n.jpg', 'images/events/gallery/18/20160321-160115-10984246_896223867130710_2166548724750976092_n.jpg', '2016-03-21 09:01:15', '2016-03-21 09:01:15'),
(35, '20160321-160115-11057915_10153147729232735_637266985031632821_o.png', 'images/events/gallery/18/20160321-160115-11057915_10153147729232735_637266985031632821_o.png', '2016-03-21 09:01:15', '2016-03-21 09:01:15'),
(36, '20160321-160115-11701011_872298936189870_3825141339666979757_o.jpg', 'images/events/gallery/18/20160321-160115-11701011_872298936189870_3825141339666979757_o.jpg', '2016-03-21 09:01:15', '2016-03-21 09:01:15'),
(37, '20160321-160115-12232756_10153073409852735_8330048690080739684_o.png', 'images/events/gallery/18/20160321-160115-12232756_10153073409852735_8330048690080739684_o.png', '2016-03-21 09:01:15', '2016-03-21 09:01:15'),
(38, '20160321-160115-12232896_10153084384562735_519466816880769986_o.png', 'images/events/gallery/18/20160321-160115-12232896_10153084384562735_519466816880769986_o.png', '2016-03-21 09:01:15', '2016-03-21 09:01:15'),
(39, '20160321-160333-10984246_896223867130710_2166548724750976092_n.jpg', 'images/events/gallery/19/20160321-160333-10984246_896223867130710_2166548724750976092_n.jpg', '2016-03-21 09:03:33', '2016-03-21 09:03:33'),
(40, '20160321-160333-11057915_10153147729232735_637266985031632821_o.png', 'images/events/gallery/19/20160321-160333-11057915_10153147729232735_637266985031632821_o.png', '2016-03-21 09:03:33', '2016-03-21 09:03:33'),
(41, '20160321-160333-11701011_872298936189870_3825141339666979757_o.jpg', 'images/events/gallery/19/20160321-160333-11701011_872298936189870_3825141339666979757_o.jpg', '2016-03-21 09:03:33', '2016-03-21 09:03:33'),
(42, '20160321-160333-12232756_10153073409852735_8330048690080739684_o.png', 'images/events/gallery/19/20160321-160333-12232756_10153073409852735_8330048690080739684_o.png', '2016-03-21 09:03:33', '2016-03-21 09:03:33'),
(43, '20160321-160333-12232896_10153084384562735_519466816880769986_o.png', 'images/events/gallery/19/20160321-160333-12232896_10153084384562735_519466816880769986_o.png', '2016-03-21 09:03:33', '2016-03-21 09:03:33'),
(44, '20160321-160333-12239323_10153071928287735_4178312734070069834_o.png', 'images/events/gallery/19/20160321-160333-12239323_10153071928287735_4178312734070069834_o.png', '2016-03-21 09:03:33', '2016-03-21 09:03:33'),
(45, '20160321-160333-12309837_10153094642157735_7957883727272439367_o.png', 'images/events/gallery/19/20160321-160333-12309837_10153094642157735_7957883727272439367_o.png', '2016-03-21 09:03:33', '2016-03-21 09:03:33'),
(46, '20160321-160333-12362918_10153112866382735_2612430192728861512_o.png', 'images/events/gallery/19/20160321-160333-12362918_10153112866382735_2612430192728861512_o.png', '2016-03-21 09:03:33', '2016-03-21 09:03:33'),
(47, '20160321-160535-10984246_896223867130710_2166548724750976092_n.jpg', 'images/events/gallery/20/20160321-160535-10984246_896223867130710_2166548724750976092_n.jpg', '2016-03-21 09:05:35', '2016-03-21 09:05:35'),
(48, '20160321-160535-11057915_10153147729232735_637266985031632821_o.png', 'images/events/gallery/20/20160321-160535-11057915_10153147729232735_637266985031632821_o.png', '2016-03-21 09:05:35', '2016-03-21 09:05:35'),
(49, '20160321-160535-11701011_872298936189870_3825141339666979757_o.jpg', 'images/events/gallery/20/20160321-160535-11701011_872298936189870_3825141339666979757_o.jpg', '2016-03-21 09:05:35', '2016-03-21 09:05:35'),
(50, '20160321-160535-12232756_10153073409852735_8330048690080739684_o.png', 'images/events/gallery/20/20160321-160535-12232756_10153073409852735_8330048690080739684_o.png', '2016-03-21 09:05:35', '2016-03-21 09:05:35'),
(51, '20160321-160535-12232896_10153084384562735_519466816880769986_o.png', 'images/events/gallery/20/20160321-160535-12232896_10153084384562735_519466816880769986_o.png', '2016-03-21 09:05:35', '2016-03-21 09:05:35'),
(52, '20160321-160535-12239323_10153071928287735_4178312734070069834_o.png', 'images/events/gallery/20/20160321-160535-12239323_10153071928287735_4178312734070069834_o.png', '2016-03-21 09:05:35', '2016-03-21 09:05:35'),
(53, '20160321-160535-12309837_10153094642157735_7957883727272439367_o.png', 'images/events/gallery/20/20160321-160535-12309837_10153094642157735_7957883727272439367_o.png', '2016-03-21 09:05:35', '2016-03-21 09:05:35'),
(54, '20160321-160535-12362918_10153112866382735_2612430192728861512_o.png', 'images/events/gallery/20/20160321-160535-12362918_10153112866382735_2612430192728861512_o.png', '2016-03-21 09:05:35', '2016-03-21 09:05:35'),
(55, '20160321-160535-12377598_10153137122787735_2296595889380515486_o.png', 'images/events/gallery/20/20160321-160535-12377598_10153137122787735_2296595889380515486_o.png', '2016-03-21 09:05:35', '2016-03-21 09:05:35'),
(56, '20160321-160535-12377960_10153119055572735_8755888106446427004_o.png', 'images/events/gallery/20/20160321-160535-12377960_10153119055572735_8755888106446427004_o.png', '2016-03-21 09:05:35', '2016-03-21 09:05:35'),
(57, '20160321-160629-10984246_896223867130710_2166548724750976092_n.jpg', 'images/events/gallery/21/20160321-160629-10984246_896223867130710_2166548724750976092_n.jpg', '2016-03-21 09:06:29', '2016-03-21 09:06:29'),
(58, '20160321-160629-11057915_10153147729232735_637266985031632821_o.png', 'images/events/gallery/21/20160321-160629-11057915_10153147729232735_637266985031632821_o.png', '2016-03-21 09:06:29', '2016-03-21 09:06:29'),
(59, '20160321-160629-11701011_872298936189870_3825141339666979757_o.jpg', 'images/events/gallery/21/20160321-160629-11701011_872298936189870_3825141339666979757_o.jpg', '2016-03-21 09:06:29', '2016-03-21 09:06:29'),
(60, '20160321-160629-12232756_10153073409852735_8330048690080739684_o.png', 'images/events/gallery/21/20160321-160629-12232756_10153073409852735_8330048690080739684_o.png', '2016-03-21 09:06:29', '2016-03-21 09:06:29'),
(61, '20160321-160629-12232896_10153084384562735_519466816880769986_o.png', 'images/events/gallery/21/20160321-160629-12232896_10153084384562735_519466816880769986_o.png', '2016-03-21 09:06:29', '2016-03-21 09:06:29'),
(62, '20160321-160629-12239323_10153071928287735_4178312734070069834_o.png', 'images/events/gallery/21/20160321-160629-12239323_10153071928287735_4178312734070069834_o.png', '2016-03-21 09:06:29', '2016-03-21 09:06:29'),
(63, '20160321-160629-12309837_10153094642157735_7957883727272439367_o.png', 'images/events/gallery/21/20160321-160629-12309837_10153094642157735_7957883727272439367_o.png', '2016-03-21 09:06:29', '2016-03-21 09:06:29'),
(64, '20160321-160629-12362918_10153112866382735_2612430192728861512_o.png', 'images/events/gallery/21/20160321-160629-12362918_10153112866382735_2612430192728861512_o.png', '2016-03-21 09:06:29', '2016-03-21 09:06:29'),
(65, '20160321-160629-12377598_10153137122787735_2296595889380515486_o.png', 'images/events/gallery/21/20160321-160629-12377598_10153137122787735_2296595889380515486_o.png', '2016-03-21 09:06:29', '2016-03-21 09:06:29'),
(66, '20160321-160629-12377960_10153119055572735_8755888106446427004_o.png', 'images/events/gallery/21/20160321-160629-12377960_10153119055572735_8755888106446427004_o.png', '2016-03-21 09:06:29', '2016-03-21 09:06:29'),
(67, '20160321-160629-12783764_10153261358567735_7087039267857942233_o.png', 'images/events/gallery/21/20160321-160629-12783764_10153261358567735_7087039267857942233_o.png', '2016-03-21 09:06:29', '2016-03-21 09:06:29'),
(68, '20160321-162858-10984246_896223867130710_2166548724750976092_n.jpg', 'images/events/gallery/22/20160321-162858-10984246_896223867130710_2166548724750976092_n.jpg', '2016-03-21 09:28:58', '2016-03-21 09:28:58'),
(69, '20160321-162858-11057915_10153147729232735_637266985031632821_o.png', 'images/events/gallery/22/20160321-162858-11057915_10153147729232735_637266985031632821_o.png', '2016-03-21 09:28:58', '2016-03-21 09:28:58'),
(70, '20160321-162858-11701011_872298936189870_3825141339666979757_o.jpg', 'images/events/gallery/22/20160321-162858-11701011_872298936189870_3825141339666979757_o.jpg', '2016-03-21 09:28:58', '2016-03-21 09:28:58'),
(71, '20160321-162858-12232756_10153073409852735_8330048690080739684_o.png', 'images/events/gallery/22/20160321-162858-12232756_10153073409852735_8330048690080739684_o.png', '2016-03-21 09:28:58', '2016-03-21 09:28:58'),
(72, '20160321-162858-12232896_10153084384562735_519466816880769986_o.png', 'images/events/gallery/22/20160321-162858-12232896_10153084384562735_519466816880769986_o.png', '2016-03-21 09:28:58', '2016-03-21 09:28:58'),
(73, '20160321-162858-12239323_10153071928287735_4178312734070069834_o.png', 'images/events/gallery/22/20160321-162858-12239323_10153071928287735_4178312734070069834_o.png', '2016-03-21 09:28:58', '2016-03-21 09:28:58'),
(74, '20160321-162858-12309837_10153094642157735_7957883727272439367_o.png', 'images/events/gallery/22/20160321-162858-12309837_10153094642157735_7957883727272439367_o.png', '2016-03-21 09:28:58', '2016-03-21 09:28:58'),
(75, '20160321-162858-12362918_10153112866382735_2612430192728861512_o.png', 'images/events/gallery/22/20160321-162858-12362918_10153112866382735_2612430192728861512_o.png', '2016-03-21 09:28:58', '2016-03-21 09:28:58'),
(76, '20160321-162858-12377598_10153137122787735_2296595889380515486_o.png', 'images/events/gallery/22/20160321-162858-12377598_10153137122787735_2296595889380515486_o.png', '2016-03-21 09:28:58', '2016-03-21 09:28:58'),
(77, '20160321-162858-12377960_10153119055572735_8755888106446427004_o.png', 'images/events/gallery/22/20160321-162858-12377960_10153119055572735_8755888106446427004_o.png', '2016-03-21 09:28:58', '2016-03-21 09:28:58'),
(78, '20160321-162923-10984246_896223867130710_2166548724750976092_n.jpg', 'images/events/gallery/23/20160321-162923-10984246_896223867130710_2166548724750976092_n.jpg', '2016-03-21 09:29:23', '2016-03-21 09:29:23'),
(79, '20160321-162923-11057915_10153147729232735_637266985031632821_o.png', 'images/events/gallery/23/20160321-162923-11057915_10153147729232735_637266985031632821_o.png', '2016-03-21 09:29:23', '2016-03-21 09:29:23'),
(80, '20160321-162923-11701011_872298936189870_3825141339666979757_o.jpg', 'images/events/gallery/23/20160321-162923-11701011_872298936189870_3825141339666979757_o.jpg', '2016-03-21 09:29:23', '2016-03-21 09:29:23'),
(81, '20160321-162923-12232756_10153073409852735_8330048690080739684_o.png', 'images/events/gallery/23/20160321-162923-12232756_10153073409852735_8330048690080739684_o.png', '2016-03-21 09:29:23', '2016-03-21 09:29:23'),
(82, '20160321-162923-12232896_10153084384562735_519466816880769986_o.png', 'images/events/gallery/23/20160321-162923-12232896_10153084384562735_519466816880769986_o.png', '2016-03-21 09:29:23', '2016-03-21 09:29:23'),
(83, '20160321-162923-12239323_10153071928287735_4178312734070069834_o.png', 'images/events/gallery/23/20160321-162923-12239323_10153071928287735_4178312734070069834_o.png', '2016-03-21 09:29:23', '2016-03-21 09:29:23'),
(84, '20160321-162923-12309837_10153094642157735_7957883727272439367_o.png', 'images/events/gallery/23/20160321-162923-12309837_10153094642157735_7957883727272439367_o.png', '2016-03-21 09:29:23', '2016-03-21 09:29:23'),
(85, '20160321-162923-12362918_10153112866382735_2612430192728861512_o.png', 'images/events/gallery/23/20160321-162923-12362918_10153112866382735_2612430192728861512_o.png', '2016-03-21 09:29:23', '2016-03-21 09:29:23'),
(86, '20160321-162923-12377598_10153137122787735_2296595889380515486_o.png', 'images/events/gallery/23/20160321-162923-12377598_10153137122787735_2296595889380515486_o.png', '2016-03-21 09:29:23', '2016-03-21 09:29:23'),
(87, '20160321-162923-12377960_10153119055572735_8755888106446427004_o.png', 'images/events/gallery/23/20160321-162923-12377960_10153119055572735_8755888106446427004_o.png', '2016-03-21 09:29:23', '2016-03-21 09:29:23'),
(88, '20160321-162941-10984246_896223867130710_2166548724750976092_n.jpg', 'images/events/gallery/24/20160321-162941-10984246_896223867130710_2166548724750976092_n.jpg', '2016-03-21 09:29:41', '2016-03-21 09:29:41'),
(89, '20160321-162941-11057915_10153147729232735_637266985031632821_o.png', 'images/events/gallery/24/20160321-162941-11057915_10153147729232735_637266985031632821_o.png', '2016-03-21 09:29:41', '2016-03-21 09:29:41'),
(90, '20160321-162941-11701011_872298936189870_3825141339666979757_o.jpg', 'images/events/gallery/24/20160321-162941-11701011_872298936189870_3825141339666979757_o.jpg', '2016-03-21 09:29:41', '2016-03-21 09:29:41'),
(91, '20160321-162942-12232756_10153073409852735_8330048690080739684_o.png', 'images/events/gallery/24/20160321-162942-12232756_10153073409852735_8330048690080739684_o.png', '2016-03-21 09:29:42', '2016-03-21 09:29:42'),
(92, '20160321-162942-12232896_10153084384562735_519466816880769986_o.png', 'images/events/gallery/24/20160321-162942-12232896_10153084384562735_519466816880769986_o.png', '2016-03-21 09:29:42', '2016-03-21 09:29:42'),
(93, '20160321-162942-12239323_10153071928287735_4178312734070069834_o.png', 'images/events/gallery/24/20160321-162942-12239323_10153071928287735_4178312734070069834_o.png', '2016-03-21 09:29:42', '2016-03-21 09:29:42'),
(94, '20160321-162942-12309837_10153094642157735_7957883727272439367_o.png', 'images/events/gallery/24/20160321-162942-12309837_10153094642157735_7957883727272439367_o.png', '2016-03-21 09:29:42', '2016-03-21 09:29:42'),
(95, '20160321-162942-12362918_10153112866382735_2612430192728861512_o.png', 'images/events/gallery/24/20160321-162942-12362918_10153112866382735_2612430192728861512_o.png', '2016-03-21 09:29:42', '2016-03-21 09:29:42'),
(96, '20160321-162942-12377598_10153137122787735_2296595889380515486_o.png', 'images/events/gallery/24/20160321-162942-12377598_10153137122787735_2296595889380515486_o.png', '2016-03-21 09:29:42', '2016-03-21 09:29:42'),
(97, '20160321-162942-12377960_10153119055572735_8755888106446427004_o.png', 'images/events/gallery/24/20160321-162942-12377960_10153119055572735_8755888106446427004_o.png', '2016-03-21 09:29:42', '2016-03-21 09:29:42'),
(98, '20160321-170137-10984246_896223867130710_2166548724750976092_n.jpg', 'images/events/gallery/27/20160321-170137-10984246_896223867130710_2166548724750976092_n.jpg', '2016-03-21 10:01:37', '2016-03-21 10:01:37'),
(99, '20160321-170137-11057915_10153147729232735_637266985031632821_o.png', 'images/events/gallery/27/20160321-170137-11057915_10153147729232735_637266985031632821_o.png', '2016-03-21 10:01:37', '2016-03-21 10:01:37'),
(100, '20160321-170137-11701011_872298936189870_3825141339666979757_o.jpg', 'images/events/gallery/27/20160321-170137-11701011_872298936189870_3825141339666979757_o.jpg', '2016-03-21 10:01:37', '2016-03-21 10:01:37'),
(101, '20160321-170137-12232756_10153073409852735_8330048690080739684_o.png', 'images/events/gallery/27/20160321-170137-12232756_10153073409852735_8330048690080739684_o.png', '2016-03-21 10:01:37', '2016-03-21 10:01:37'),
(102, '20160321-170137-12232896_10153084384562735_519466816880769986_o.png', 'images/events/gallery/27/20160321-170137-12232896_10153084384562735_519466816880769986_o.png', '2016-03-21 10:01:37', '2016-03-21 10:01:37'),
(103, '20160321-170137-12239323_10153071928287735_4178312734070069834_o.png', 'images/events/gallery/27/20160321-170137-12239323_10153071928287735_4178312734070069834_o.png', '2016-03-21 10:01:37', '2016-03-21 10:01:37'),
(104, '20160321-170137-12309837_10153094642157735_7957883727272439367_o.png', 'images/events/gallery/27/20160321-170137-12309837_10153094642157735_7957883727272439367_o.png', '2016-03-21 10:01:37', '2016-03-21 10:01:37'),
(105, '20160321-170137-12362918_10153112866382735_2612430192728861512_o.png', 'images/events/gallery/27/20160321-170137-12362918_10153112866382735_2612430192728861512_o.png', '2016-03-21 10:01:37', '2016-03-21 10:01:37'),
(106, '20160321-170137-12377598_10153137122787735_2296595889380515486_o.png', 'images/events/gallery/27/20160321-170137-12377598_10153137122787735_2296595889380515486_o.png', '2016-03-21 10:01:37', '2016-03-21 10:01:37'),
(107, '20160321-170137-12377960_10153119055572735_8755888106446427004_o.png', 'images/events/gallery/27/20160321-170137-12377960_10153119055572735_8755888106446427004_o.png', '2016-03-21 10:01:37', '2016-03-21 10:01:37'),
(108, '20160322-102837-10984246_896223867130710_2166548724750976092_n.jpg', 'images/events/2016-03-22/gallery/28/20160322-102837-10984246_896223867130710_2166548724750976092_n.jpg', '2016-03-22 03:28:37', '2016-03-22 03:28:37'),
(109, '20160322-102837-11057915_10153147729232735_637266985031632821_o.png', 'images/events/2016-03-22/gallery/28/20160322-102837-11057915_10153147729232735_637266985031632821_o.png', '2016-03-22 03:28:37', '2016-03-22 03:28:37'),
(110, '20160322-102837-11701011_872298936189870_3825141339666979757_o.jpg', 'images/events/2016-03-22/gallery/28/20160322-102837-11701011_872298936189870_3825141339666979757_o.jpg', '2016-03-22 03:28:37', '2016-03-22 03:28:37'),
(111, '20160322-102837-12232756_10153073409852735_8330048690080739684_o.png', 'images/events/2016-03-22/gallery/28/20160322-102837-12232756_10153073409852735_8330048690080739684_o.png', '2016-03-22 03:28:37', '2016-03-22 03:28:37'),
(112, '20160322-102837-12232896_10153084384562735_519466816880769986_o.png', 'images/events/2016-03-22/gallery/28/20160322-102837-12232896_10153084384562735_519466816880769986_o.png', '2016-03-22 03:28:37', '2016-03-22 03:28:37'),
(113, '20160322-102837-12239323_10153071928287735_4178312734070069834_o.png', 'images/events/2016-03-22/gallery/28/20160322-102837-12239323_10153071928287735_4178312734070069834_o.png', '2016-03-22 03:28:37', '2016-03-22 03:28:37'),
(114, '20160322-102837-12309837_10153094642157735_7957883727272439367_o.png', 'images/events/2016-03-22/gallery/28/20160322-102837-12309837_10153094642157735_7957883727272439367_o.png', '2016-03-22 03:28:37', '2016-03-22 03:28:37'),
(115, '20160322-102837-12362918_10153112866382735_2612430192728861512_o.png', 'images/events/2016-03-22/gallery/28/20160322-102837-12362918_10153112866382735_2612430192728861512_o.png', '2016-03-22 03:28:37', '2016-03-22 03:28:37'),
(116, '20160322-102837-12377598_10153137122787735_2296595889380515486_o.png', 'images/events/2016-03-22/gallery/28/20160322-102837-12377598_10153137122787735_2296595889380515486_o.png', '2016-03-22 03:28:37', '2016-03-22 03:28:37'),
(117, '20160322-102837-12377960_10153119055572735_8755888106446427004_o.png', 'images/events/2016-03-22/gallery/28/20160322-102837-12377960_10153119055572735_8755888106446427004_o.png', '2016-03-22 03:28:37', '2016-03-22 03:28:37'),
(118, '20160322-105657-556024_1470894166462980_1984336547_n.png', 'images/events/2016-03-22/gallery/29/20160322-105657-556024_1470894166462980_1984336547_n.png', '2016-03-22 03:56:57', '2016-03-22 03:56:57'),
(119, '20160322-105657-886829_10153209599572735_4489920374041128174_o.png', 'images/events/2016-03-22/gallery/29/20160322-105657-886829_10153209599572735_4489920374041128174_o.png', '2016-03-22 03:56:57', '2016-03-22 03:56:57'),
(120, '20160322-105657-10265569_10153140761892735_213509621066058418_o.png', 'images/events/2016-03-22/gallery/29/20160322-105657-10265569_10153140761892735_213509621066058418_o.png', '2016-03-22 03:56:57', '2016-03-22 03:56:57'),
(121, '20160322-105657-10984246_896223867130710_2166548724750976092_n.jpg', 'images/events/2016-03-22/gallery/29/20160322-105657-10984246_896223867130710_2166548724750976092_n.jpg', '2016-03-22 03:56:57', '2016-03-22 03:56:57'),
(122, '20160322-105657-11057915_10153147729232735_637266985031632821_o.png', 'images/events/2016-03-22/gallery/29/20160322-105657-11057915_10153147729232735_637266985031632821_o.png', '2016-03-22 03:56:57', '2016-03-22 03:56:57'),
(123, '20160322-105657-11701011_872298936189870_3825141339666979757_o.jpg', 'images/events/2016-03-22/gallery/29/20160322-105657-11701011_872298936189870_3825141339666979757_o.jpg', '2016-03-22 03:56:57', '2016-03-22 03:56:57'),
(124, '20160322-105657-12232756_10153073409852735_8330048690080739684_o.png', 'images/events/2016-03-22/gallery/29/20160322-105657-12232756_10153073409852735_8330048690080739684_o.png', '2016-03-22 03:56:57', '2016-03-22 03:56:57'),
(125, '20160322-105657-12239323_10153071928287735_4178312734070069834_o.png', 'images/events/2016-03-22/gallery/29/20160322-105657-12239323_10153071928287735_4178312734070069834_o.png', '2016-03-22 03:56:57', '2016-03-22 03:56:57'),
(126, '20160322-105657-12309837_10153094642157735_7957883727272439367_o.png', 'images/events/2016-03-22/gallery/29/20160322-105657-12309837_10153094642157735_7957883727272439367_o.png', '2016-03-22 03:56:58', '2016-03-22 03:56:58'),
(127, '20160322-105658-12362918_10153112866382735_2612430192728861512_o.png', 'images/events/2016-03-22/gallery/29/20160322-105658-12362918_10153112866382735_2612430192728861512_o.png', '2016-03-22 03:56:58', '2016-03-22 03:56:58'),
(128, '20160323-125729-12232756_10153073409852735_8330048690080739684_o.png', 'images/events/2016-03-23/gallery/32/20160323-125729-12232756_10153073409852735_8330048690080739684_o.png', '2016-03-23 05:57:29', '2016-03-23 05:57:29'),
(129, '20160323-125729-12232896_10153084384562735_519466816880769986_o.png', 'images/events/2016-03-23/gallery/32/20160323-125729-12232896_10153084384562735_519466816880769986_o.png', '2016-03-23 05:57:29', '2016-03-23 05:57:29'),
(130, '20160323-125729-12309837_10153094642157735_7957883727272439367_o.png', 'images/events/2016-03-23/gallery/32/20160323-125729-12309837_10153094642157735_7957883727272439367_o.png', '2016-03-23 05:57:29', '2016-03-23 05:57:29'),
(131, '20160323-125729-12362918_10153112866382735_2612430192728861512_o.png', 'images/events/2016-03-23/gallery/32/20160323-125729-12362918_10153112866382735_2612430192728861512_o.png', '2016-03-23 05:57:29', '2016-03-23 05:57:29'),
(132, '20160323-125729-12377598_10153137122787735_2296595889380515486_o.png', 'images/events/2016-03-23/gallery/32/20160323-125729-12377598_10153137122787735_2296595889380515486_o.png', '2016-03-23 05:57:29', '2016-03-23 05:57:29'),
(133, '20160323-125729-12377960_10153119055572735_8755888106446427004_o.png', 'images/events/2016-03-23/gallery/32/20160323-125729-12377960_10153119055572735_8755888106446427004_o.png', '2016-03-23 05:57:29', '2016-03-23 05:57:29'),
(134, '20160323-125947-3780_1014251065280305_2536398055762473127_n.jpg', 'images/events/2016-03-23/gallery/33/20160323-125947-3780_1014251065280305_2536398055762473127_n.jpg', '2016-03-23 05:59:47', '2016-03-23 05:59:47'),
(135, '20160323-125947-886829_10153209599572735_4489920374041128174_o.png', 'images/events/2016-03-23/gallery/33/20160323-125947-886829_10153209599572735_4489920374041128174_o.png', '2016-03-23 05:59:47', '2016-03-23 05:59:47'),
(136, '20160323-125947-10984246_896223867130710_2166548724750976092_n.jpg', 'images/events/2016-03-23/gallery/33/20160323-125947-10984246_896223867130710_2166548724750976092_n.jpg', '2016-03-23 05:59:47', '2016-03-23 05:59:47'),
(137, '20160323-125947-12593834_10153225998147735_1164256878738906766_o.png', 'images/events/2016-03-23/gallery/33/20160323-125947-12593834_10153225998147735_1164256878738906766_o.png', '2016-03-23 05:59:47', '2016-03-23 05:59:47'),
(138, '20160323-125947-12631413_1024237857614959_8650587718834141726_n.jpg', 'images/events/2016-03-23/gallery/33/20160323-125947-12631413_1024237857614959_8650587718834141726_n.jpg', '2016-03-23 05:59:47', '2016-03-23 05:59:47'),
(139, '20160323-181435-1352_10154008620389889_4619827780685599818_n.jpg', 'images/events/2016-03-23/gallery/34/20160323-181435-1352_10154008620389889_4619827780685599818_n.jpg', '2016-03-23 11:14:35', '2016-03-23 11:14:35'),
(140, '20160323-181435-946763_10153153662157735_582732214157992520_n.jpg', 'images/events/2016-03-23/gallery/34/20160323-181435-946763_10153153662157735_582732214157992520_n.jpg', '2016-03-23 11:14:35', '2016-03-23 11:14:35'),
(141, '20160323-181435-10346272_10154021997204889_3322785044743825252_n.jpg', 'images/events/2016-03-23/gallery/34/20160323-181435-10346272_10154021997204889_3322785044743825252_n.jpg', '2016-03-23 11:14:35', '2016-03-23 11:14:35'),
(142, '20160323-181435-12363135_10153112873172735_9137958772294526905_o.jpg', 'images/events/2016-03-23/gallery/34/20160323-181435-12363135_10153112873172735_9137958772294526905_o.jpg', '2016-03-23 11:14:35', '2016-03-23 11:14:35'),
(143, '20160323-181435-12695024_10153214349962735_1241549581764077446_o.jpg', 'images/events/2016-03-23/gallery/34/20160323-181435-12695024_10153214349962735_1241549581764077446_o.jpg', '2016-03-23 11:14:35', '2016-03-23 11:14:35'),
(144, '20160323-181852-12232756_10153073409852735_8330048690080739684_o.png', 'images/events/2016-03-23/gallery/35/20160323-181852-12232756_10153073409852735_8330048690080739684_o.png', '2016-03-23 11:18:52', '2016-03-23 11:18:52'),
(145, '20160323-181852-12232896_10153084384562735_519466816880769986_o.png', 'images/events/2016-03-23/gallery/35/20160323-181852-12232896_10153084384562735_519466816880769986_o.png', '2016-03-23 11:18:52', '2016-03-23 11:18:52'),
(146, '20160323-181852-12239323_10153071928287735_4178312734070069834_o.png', 'images/events/2016-03-23/gallery/35/20160323-181852-12239323_10153071928287735_4178312734070069834_o.png', '2016-03-23 11:18:52', '2016-03-23 11:18:52'),
(147, '20160323-181852-12309837_10153094642157735_7957883727272439367_o.png', 'images/events/2016-03-23/gallery/35/20160323-181852-12309837_10153094642157735_7957883727272439367_o.png', '2016-03-23 11:18:52', '2016-03-23 11:18:52'),
(148, '20160323-181852-12362918_10153112866382735_2612430192728861512_o.png', 'images/events/2016-03-23/gallery/35/20160323-181852-12362918_10153112866382735_2612430192728861512_o.png', '2016-03-23 11:18:52', '2016-03-23 11:18:52'),
(149, '20160325-154243-1514592_640102926091612_7413742210076156981_n.jpg', 'images/events/2016-03-25/gallery/36/20160325-154243-1514592_640102926091612_7413742210076156981_n.jpg', '2016-03-25 08:42:43', '2016-03-25 08:42:43'),
(150, '20160325-154243-1913552_10154013367999889_1051947166654267599_n.jpg', 'images/events/2016-03-25/gallery/36/20160325-154243-1913552_10154013367999889_1051947166654267599_n.jpg', '2016-03-25 08:42:43', '2016-03-25 08:42:43'),
(151, '20160325-154243-10300285_716381478463756_1208505389425886831_n.jpg', 'images/events/2016-03-25/gallery/36/20160325-154243-10300285_716381478463756_1208505389425886831_n.jpg', '2016-03-25 08:42:43', '2016-03-25 08:42:43'),
(152, '20160325-154243-11074135_651181921650379_6275248497987158149_n.jpg', 'images/events/2016-03-25/gallery/36/20160325-154243-11074135_651181921650379_6275248497987158149_n.jpg', '2016-03-25 08:42:43', '2016-03-25 08:42:43'),
(153, '20160325-154243-11164809_641190699316168_8876138348131383642_n.jpg', 'images/events/2016-03-25/gallery/36/20160325-154243-11164809_641190699316168_8876138348131383642_n.jpg', '2016-03-25 08:42:43', '2016-03-25 08:42:43'),
(154, '20160325-154243-11222681_677185629050008_6856106648248719968_n.jpg', 'images/events/2016-03-25/gallery/36/20160325-154243-11222681_677185629050008_6856106648248719968_n.jpg', '2016-03-25 08:42:43', '2016-03-25 08:42:43'),
(155, '20160325-154243-11357299_642463379188900_8215650648546353675_o.jpg', 'images/events/2016-03-25/gallery/36/20160325-154243-11357299_642463379188900_8215650648546353675_o.jpg', '2016-03-25 08:42:43', '2016-03-25 08:42:43'),
(156, '20160325-154243-11659258_657707947664443_6295937401468155356_n.jpg', 'images/events/2016-03-25/gallery/36/20160325-154243-11659258_657707947664443_6295937401468155356_n.jpg', '2016-03-25 08:42:43', '2016-03-25 08:42:43'),
(157, '20160325-154243-11951493_676300512471853_2238680579907651303_o.jpg', 'images/events/2016-03-25/gallery/36/20160325-154243-11951493_676300512471853_2238680579907651303_o.jpg', '2016-03-25 08:42:43', '2016-03-25 08:42:43'),
(158, '20160325-154243-12043064_688916181210286_8445082001399140438_n.jpg', 'images/events/2016-03-25/gallery/36/20160325-154243-12043064_688916181210286_8445082001399140438_n.jpg', '2016-03-25 08:42:43', '2016-03-25 08:42:43'),
(159, '20160325-155736-10300285_716381478463756_1208505389425886831_n.jpg', 'images/events/2016-03-25/gallery/37/20160325-155736-10300285_716381478463756_1208505389425886831_n.jpg', '2016-03-25 08:57:36', '2016-03-25 08:57:36'),
(160, '20160325-155736-11074135_651181921650379_6275248497987158149_n.jpg', 'images/events/2016-03-25/gallery/37/20160325-155736-11074135_651181921650379_6275248497987158149_n.jpg', '2016-03-25 08:57:36', '2016-03-25 08:57:36'),
(161, '20160325-155736-11164809_641190699316168_8876138348131383642_n.jpg', 'images/events/2016-03-25/gallery/37/20160325-155736-11164809_641190699316168_8876138348131383642_n.jpg', '2016-03-25 08:57:36', '2016-03-25 08:57:36'),
(162, '20160325-155736-11222681_677185629050008_6856106648248719968_n.jpg', 'images/events/2016-03-25/gallery/37/20160325-155736-11222681_677185629050008_6856106648248719968_n.jpg', '2016-03-25 08:57:36', '2016-03-25 08:57:36'),
(163, '20160325-155736-11357299_642463379188900_8215650648546353675_o.jpg', 'images/events/2016-03-25/gallery/37/20160325-155736-11357299_642463379188900_8215650648546353675_o.jpg', '2016-03-25 08:57:36', '2016-03-25 08:57:36'),
(164, '20160325-155736-11659258_657707947664443_6295937401468155356_n.jpg', 'images/events/2016-03-25/gallery/37/20160325-155736-11659258_657707947664443_6295937401468155356_n.jpg', '2016-03-25 08:57:36', '2016-03-25 08:57:36'),
(165, '20160325-155736-11705206_661489523952952_6084581206112588401_n.jpg', 'images/events/2016-03-25/gallery/37/20160325-155736-11705206_661489523952952_6084581206112588401_n.jpg', '2016-03-25 08:57:36', '2016-03-25 08:57:36'),
(166, '20160325-155736-11728757_662561637179074_7830066092244048076_o.jpg', 'images/events/2016-03-25/gallery/37/20160325-155736-11728757_662561637179074_7830066092244048076_o.jpg', '2016-03-25 08:57:36', '2016-03-25 08:57:36'),
(167, '20160325-155736-11836747_666837886751449_904780341186673819_n.jpg', 'images/events/2016-03-25/gallery/37/20160325-155736-11836747_666837886751449_904780341186673819_n.jpg', '2016-03-25 08:57:36', '2016-03-25 08:57:36'),
(168, '20160325-155736-11951493_676300512471853_2238680579907651303_o.jpg', 'images/events/2016-03-25/gallery/37/20160325-155736-11951493_676300512471853_2238680579907651303_o.jpg', '2016-03-25 08:57:36', '2016-03-25 08:57:36'),
(169, '20160325-182232-10300285_716381478463756_1208505389425886831_n.jpg', 'images/events/2016-03-25/gallery/40/20160325-182232-10300285_716381478463756_1208505389425886831_n.jpg', '2016-03-25 11:22:32', '2016-03-25 11:22:32'),
(170, '20160325-182232-11164809_641190699316168_8876138348131383642_n.jpg', 'images/events/2016-03-25/gallery/40/20160325-182232-11164809_641190699316168_8876138348131383642_n.jpg', '2016-03-25 11:22:32', '2016-03-25 11:22:32'),
(171, '20160325-182232-11222681_677185629050008_6856106648248719968_n.jpg', 'images/events/2016-03-25/gallery/40/20160325-182232-11222681_677185629050008_6856106648248719968_n.jpg', '2016-03-25 11:22:32', '2016-03-25 11:22:32'),
(172, '20160325-182232-11357299_642463379188900_8215650648546353675_o.jpg', 'images/events/2016-03-25/gallery/40/20160325-182232-11357299_642463379188900_8215650648546353675_o.jpg', '2016-03-25 11:22:32', '2016-03-25 11:22:32'),
(173, '20160325-182232-12631536_726396784128892_8432728037068951700_n.jpg', 'images/events/2016-03-25/gallery/40/20160325-182232-12631536_726396784128892_8432728037068951700_n.jpg', '2016-03-25 11:22:32', '2016-03-25 11:22:32'),
(174, '20160330-120609-Promotion-Crocs-End-Of-Season-Sale-up-to-50-Mar.2016.jpg', 'images/events/2016-03-30/gallery/41/20160330-120609-Promotion-Crocs-End-Of-Season-Sale-up-to-50-Mar.2016.jpg', '2016-03-30 05:06:09', '2016-03-30 05:06:09'),
(175, '20160330-125542-Promotion-Sports-Revolution-Warehouse-Sale-2016-Nike-Under-Armour-ASICS-Crocs-Sale-up-to-80-off-FULL.jpg', 'images/events/2016-03-30/gallery/42/20160330-125542-Promotion-Sports-Revolution-Warehouse-Sale-2016-Nike-Under-Armour-ASICS-Crocs-Sale-up-to-80-off-FULL.jpg', '2016-03-30 05:55:42', '2016-03-30 05:55:42'),
(176, '20160330-141855-Promotion-Reebok-Grand-Sale-2016-Sale-up-to-70-Off.png', 'images/events/2016-03-30/gallery/43/20160330-141855-Promotion-Reebok-Grand-Sale-2016-Sale-up-to-70-Off.png', '2016-03-30 07:18:55', '2016-03-30 07:18:55'),
(177, '20160330-142852-Promotion-Baskin-Robbins-Buy-Fun-Scoop-1-Fee-1.jpg', 'images/events/2016-03-30/gallery/44/20160330-142852-Promotion-Baskin-Robbins-Buy-Fun-Scoop-1-Fee-1.jpg', '2016-03-30 07:28:52', '2016-03-30 07:28:52'),
(178, '20160330-144422-Promotion-AirAsiaGo-Go-Holiday-with-SUPER-SAVERMAN-Free-Flights-to-Phuket-P1.jpg', 'images/events/2016-03-30/gallery/45/20160330-144422-Promotion-AirAsiaGo-Go-Holiday-with-SUPER-SAVERMAN-Free-Flights-to-Phuket-P1.jpg', '2016-03-30 07:44:22', '2016-03-30 07:44:22'),
(179, '20160330-144422-Promotion-AirAsiaGo-Go-Holiday-with-SUPER-SAVERMAN-Free-Flights-to-Phuket-P2.jpg', 'images/events/2016-03-30/gallery/45/20160330-144422-Promotion-AirAsiaGo-Go-Holiday-with-SUPER-SAVERMAN-Free-Flights-to-Phuket-P2.jpg', '2016-03-30 07:44:22', '2016-03-30 07:44:22'),
(180, '20160330-144422-Promotion-AirAsiaGo-Go-Holiday-with-SUPER-SAVERMAN-Free-Flights-to-Phuket-P3.jpg', 'images/events/2016-03-30/gallery/45/20160330-144422-Promotion-AirAsiaGo-Go-Holiday-with-SUPER-SAVERMAN-Free-Flights-to-Phuket-P3.jpg', '2016-03-30 07:44:22', '2016-03-30 07:44:22'),
(181, '20160330-144422-Promotion-AirAsiaGo-Go-Holiday-with-SUPER-SAVERMAN-Free-Flights-to-Phuket-P4.jpg', 'images/events/2016-03-30/gallery/45/20160330-144422-Promotion-AirAsiaGo-Go-Holiday-with-SUPER-SAVERMAN-Free-Flights-to-Phuket-P4.jpg', '2016-03-30 07:44:22', '2016-03-30 07:44:22'),
(182, '20160330-144422-Promotion-AirAsiaGo-Go-Holiday-with-SUPER-SAVERMAN-Free-Flights-to-Phuket-P5.jpg', 'images/events/2016-03-30/gallery/45/20160330-144422-Promotion-AirAsiaGo-Go-Holiday-with-SUPER-SAVERMAN-Free-Flights-to-Phuket-P5.jpg', '2016-03-30 07:44:22', '2016-03-30 07:44:22'),
(183, '20160330-145905-Promotion-Yayoi-10th-Anniversary-Lucky-Free-Eat-FB2.png', 'images/events/2016-03-30/gallery/46/20160330-145905-Promotion-Yayoi-10th-Anniversary-Lucky-Free-Eat-FB2.png', '2016-03-30 07:59:05', '2016-03-30 07:59:05'),
(184, '20160330-145905-Promotion-Yayoi-10th-Anniversary-Lucky-Free-Eat-FB-Post.png', 'images/events/2016-03-30/gallery/46/20160330-145905-Promotion-Yayoi-10th-Anniversary-Lucky-Free-Eat-FB-Post.png', '2016-03-30 07:59:05', '2016-03-30 07:59:05'),
(185, '20160330-145905-Promotion-Yayoi-10th-Anniversary-Lucky-Free-Eat-FULL.jpg', 'images/events/2016-03-30/gallery/46/20160330-145905-Promotion-Yayoi-10th-Anniversary-Lucky-Free-Eat-FULL.jpg', '2016-03-30 07:59:05', '2016-03-30 07:59:05'),
(186, '20160331-121149-Nan-Yang-Sugar-Size-35-Pink.jpg', 'images/events/2016-03-31/gallery/47/20160331-121149-Nan-Yang-Sugar-Size-35-Pink.jpg', '2016-03-31 05:11:49', '2016-03-31 05:11:49'),
(187, '20160331-121149-Nan-Yang-Sugar-Size-36-Green.jpg', 'images/events/2016-03-31/gallery/47/20160331-121149-Nan-Yang-Sugar-Size-36-Green.jpg', '2016-03-31 05:11:49', '2016-03-31 05:11:49'),
(188, '20160331-121149-Nan-Yang-Sugar-Size-37-Blue-C.jpg', 'images/events/2016-03-31/gallery/47/20160331-121149-Nan-Yang-Sugar-Size-37-Blue-C.jpg', '2016-03-31 05:11:49', '2016-03-31 05:11:49'),
(189, '20160331-121149-Nan-Yang-Sugar-Size-38-Blue.jpg', 'images/events/2016-03-31/gallery/47/20160331-121149-Nan-Yang-Sugar-Size-38-Blue.jpg', '2016-03-31 05:11:49', '2016-03-31 05:11:49'),
(190, '20160331-121149-Nan-Yang-Sugar-Size-40-Orange.jpg', 'images/events/2016-03-31/gallery/47/20160331-121149-Nan-Yang-Sugar-Size-40-Orange.jpg', '2016-03-31 05:11:49', '2016-03-31 05:11:49'),
(191, '20160331-121149-Promotion-Nan-Yang-Sugar-Pnly-329.-Get-Free-Fruity-Ribbon-P1.jpg', 'images/events/2016-03-31/gallery/47/20160331-121149-Promotion-Nan-Yang-Sugar-Pnly-329.-Get-Free-Fruity-Ribbon-P1.jpg', '2016-03-31 05:11:49', '2016-03-31 05:11:49'),
(192, '20160331-121149-Promotion-Nan-Yang-Sugar-Pnly-329.-Get-Free-Fruity-Ribbon-P3.jpg', 'images/events/2016-03-31/gallery/47/20160331-121149-Promotion-Nan-Yang-Sugar-Pnly-329.-Get-Free-Fruity-Ribbon-P3.jpg', '2016-03-31 05:11:49', '2016-03-31 05:11:49'),
(193, '20160331-121149-Promotion-Nan-Yang-Sugar-Pnly-329.-Get-Free-Fruity-Ribbon-Shop-List.jpg', 'images/events/2016-03-31/gallery/47/20160331-121149-Promotion-Nan-Yang-Sugar-Pnly-329.-Get-Free-Fruity-Ribbon-Shop-List.jpg', '2016-03-31 05:11:49', '2016-03-31 05:11:49'),
(194, '20160331-121149-Promotion-Nan-Yang-Sugar-Pnly-329.-Get-Free-Fruity-Ribbon-Size-Scale.png', 'images/events/2016-03-31/gallery/47/20160331-121149-Promotion-Nan-Yang-Sugar-Pnly-329.-Get-Free-Fruity-Ribbon-Size-Scale.png', '2016-03-31 05:11:49', '2016-03-31 05:11:49'),
(195, '20160331-122443-Promotion-Fitflp-Sale-up-to-50-in-Xclusive-Sale-up-to-80-@-Rayong-Mar.2016-P1.jpg', 'images/events/2016-03-31/gallery/48/20160331-122443-Promotion-Fitflp-Sale-up-to-50-in-Xclusive-Sale-up-to-80-@-Rayong-Mar.2016-P1.jpg', '2016-03-31 05:24:43', '2016-03-31 05:24:43'),
(196, '20160331-122443-Promotion-Fitflp-Sale-up-to-50-in-Xclusive-Sale-up-to-80-@-Rayong-Mar.2016-P3.jpg', 'images/events/2016-03-31/gallery/48/20160331-122443-Promotion-Fitflp-Sale-up-to-50-in-Xclusive-Sale-up-to-80-@-Rayong-Mar.2016-P3.jpg', '2016-03-31 05:24:43', '2016-03-31 05:24:43'),
(197, '20160331-122443-Promotion-Fitflp-Sale-up-to-50-in-Xclusive-Sale-up-to-80-@-Rayong-Mar.2016-P4.jpg', 'images/events/2016-03-31/gallery/48/20160331-122443-Promotion-Fitflp-Sale-up-to-50-in-Xclusive-Sale-up-to-80-@-Rayong-Mar.2016-P4.jpg', '2016-03-31 05:24:43', '2016-03-31 05:24:43'),
(198, '20160331-130840-โปรโมชั่น-วัตสัน-ลดราคา-2559.jpg', 'images/events/2016-03-31/gallery/49/20160331-130840-2559.jpg', '2016-03-31 06:08:40', '2016-03-31 06:08:40'),
(199, '20160331-162240-Salute-summer.jpg', 'images/events/2016-03-31/gallery/50/20160331-162240-Salute-summer.jpg', '2016-03-31 09:22:40', '2016-03-31 09:22:40'),
(200, '20160331-181628-MBK-CENTER-Summer-Aloha-1-640x640.jpg', 'images/events/2016-03-31/gallery/52/20160331-181628-MBK-CENTER-Summer-Aloha-1-640x640.jpg', '2016-03-31 11:16:28', '2016-03-31 11:16:28'),
(201, '20160331-181629-MBK-CENTER-Summer-Aloha-2-640x640.jpg', 'images/events/2016-03-31/gallery/52/20160331-181629-MBK-CENTER-Summer-Aloha-2-640x640.jpg', '2016-03-31 11:16:29', '2016-03-31 11:16:29'),
(202, '20160401-110850-7-11-APRIL-2-640x640.jpg', 'images/events/2016-04-01/gallery/53/20160401-110850-7-11-APRIL-2-640x640.jpg', '2016-04-01 04:08:50', '2016-04-01 04:08:50'),
(203, '20160401-110850-7-11-APRIL-3-640x640.jpg', 'images/events/2016-04-01/gallery/53/20160401-110850-7-11-APRIL-3-640x640.jpg', '2016-04-01 04:08:50', '2016-04-01 04:08:50'),
(204, '20160401-110850-7-11-APRIL-4-640x640.jpg', 'images/events/2016-04-01/gallery/53/20160401-110850-7-11-APRIL-4-640x640.jpg', '2016-04-01 04:08:50', '2016-04-01 04:08:50'),
(205, '20160401-110850-7-11-APRIL-5-640x640.jpg', 'images/events/2016-04-01/gallery/53/20160401-110850-7-11-APRIL-5-640x640.jpg', '2016-04-01 04:08:50', '2016-04-01 04:08:50'),
(206, '20160401-110850-7-11-APRIL-6-640x640.jpg', 'images/events/2016-04-01/gallery/53/20160401-110850-7-11-APRIL-6-640x640.jpg', '2016-04-01 04:08:50', '2016-04-01 04:08:50'),
(207, '20160401-110850-7-11-APRIL-7-640x640.jpg', 'images/events/2016-04-01/gallery/53/20160401-110850-7-11-APRIL-7-640x640.jpg', '2016-04-01 04:08:50', '2016-04-01 04:08:50'),
(208, '20160401-110850-7-11-APRIL-8-640x640.jpg', 'images/events/2016-04-01/gallery/53/20160401-110850-7-11-APRIL-8-640x640.jpg', '2016-04-01 04:08:50', '2016-04-01 04:08:50'),
(209, '20160401-110850-7-11-APRIL-9-640x640.jpg', 'images/events/2016-04-01/gallery/53/20160401-110850-7-11-APRIL-9-640x640.jpg', '2016-04-01 04:08:50', '2016-04-01 04:08:50'),
(210, '20160401-110850-7-11-APRIL-10-640x640.jpg', 'images/events/2016-04-01/gallery/53/20160401-110850-7-11-APRIL-10-640x640.jpg', '2016-04-01 04:08:50', '2016-04-01 04:08:50'),
(211, '20160401-110850-7-11-APRIL-11-640x640.jpg', 'images/events/2016-04-01/gallery/53/20160401-110850-7-11-APRIL-11-640x640.jpg', '2016-04-01 04:08:50', '2016-04-01 04:08:50'),
(212, '20160401-110850-7-11-APRIL-12-640x640.jpg', 'images/events/2016-04-01/gallery/53/20160401-110850-7-11-APRIL-12-640x640.jpg', '2016-04-01 04:08:50', '2016-04-01 04:08:50'),
(213, '20160401-110850-7-11-APRIL-13-640x640.jpg', 'images/events/2016-04-01/gallery/53/20160401-110850-7-11-APRIL-13-640x640.jpg', '2016-04-01 04:08:50', '2016-04-01 04:08:50'),
(214, '20160401-110850-7-11-APRIL-14-640x640.jpg', 'images/events/2016-04-01/gallery/53/20160401-110850-7-11-APRIL-14-640x640.jpg', '2016-04-01 04:08:50', '2016-04-01 04:08:50'),
(215, '20160401-110850-7-11-APRIL-15-640x640.jpg', 'images/events/2016-04-01/gallery/53/20160401-110850-7-11-APRIL-15-640x640.jpg', '2016-04-01 04:08:50', '2016-04-01 04:08:50'),
(216, '20160401-110850-7-11-APRIL-16-640x640.jpg', 'images/events/2016-04-01/gallery/53/20160401-110850-7-11-APRIL-16-640x640.jpg', '2016-04-01 04:08:50', '2016-04-01 04:08:50'),
(217, '20160401-110850-7-11-APRIL-17-640x640.jpg', 'images/events/2016-04-01/gallery/53/20160401-110850-7-11-APRIL-17-640x640.jpg', '2016-04-01 04:08:50', '2016-04-01 04:08:50'),
(218, '20160401-110850-7-11-APRIL-18-640x640.jpg', 'images/events/2016-04-01/gallery/53/20160401-110850-7-11-APRIL-18-640x640.jpg', '2016-04-01 04:08:50', '2016-04-01 04:08:50'),
(219, '20160401-110850-7-11-APRIL-19-640x640.jpg', 'images/events/2016-04-01/gallery/53/20160401-110850-7-11-APRIL-19-640x640.jpg', '2016-04-01 04:08:50', '2016-04-01 04:08:50'),
(220, '20160401-110850-7-11-APRIL-20-640x640.jpg', 'images/events/2016-04-01/gallery/53/20160401-110850-7-11-APRIL-20-640x640.jpg', '2016-04-01 04:08:50', '2016-04-01 04:08:50'),
(221, '20160401-110850-7-11-APRIL-21-640x640.jpg', 'images/events/2016-04-01/gallery/53/20160401-110850-7-11-APRIL-21-640x640.jpg', '2016-04-01 04:08:50', '2016-04-01 04:08:50'),
(222, '20160405-110252-Promotion-Nivea-Summer-Sale-up-to-50-Off-@-Lazada.jpg', 'images/events/2016-04-05/gallery/55/20160405-110252-Promotion-Nivea-Summer-Sale-up-to-50-Off-@-Lazada.jpg', '2016-04-05 04:02:52', '2016-04-05 04:02:52');

-- --------------------------------------------------------

--
-- Table structure for table `images`
--

CREATE TABLE `images` (
  `id` int(10) UNSIGNED NOT NULL,
  `name` varchar(255) COLLATE utf8_unicode_ci NOT NULL,
  `image` varchar(255) COLLATE utf8_unicode_ci NOT NULL,
  `created_at` timestamp NULL DEFAULT NULL,
  `updated_at` timestamp NULL DEFAULT NULL
) ENGINE=InnoDB DEFAULT CHARSET=utf8 COLLATE=utf8_unicode_ci;

--
-- Dumping data for table `images`
--

INSERT INTO `images` (`id`, `name`, `image`, `created_at`, `updated_at`) VALUES
(1, '20160321-124626-12239323_10153071928287735_4178312734070069834_o.png', 'images/events/gallery/8/20160321-124626-12239323_10153071928287735_4178312734070069834_o.png', '2016-03-21 05:46:26', '2016-03-21 05:46:26'),
(2, '20160321-124626-12362918_10153112866382735_2612430192728861512_o.png', 'images/events/gallery/8/20160321-124626-12362918_10153112866382735_2612430192728861512_o.png', '2016-03-21 05:46:26', '2016-03-21 05:46:26'),
(3, '20160321-124626-12377960_10153119055572735_8755888106446427004_o.png', 'images/events/gallery/8/20160321-124626-12377960_10153119055572735_8755888106446427004_o.png', '2016-03-21 05:46:26', '2016-03-21 05:46:26');

-- --------------------------------------------------------

--
-- Table structure for table `locations`
--

CREATE TABLE `locations` (
  `id` int(10) UNSIGNED NOT NULL,
  `name` varchar(255) COLLATE utf8_unicode_ci NOT NULL,
  `lat` varchar(60) COLLATE utf8_unicode_ci NOT NULL,
  `lon` varchar(60) COLLATE utf8_unicode_ci NOT NULL,
  `zoom` int(11) NOT NULL,
  `created_at` timestamp NULL DEFAULT NULL,
  `updated_at` timestamp NULL DEFAULT NULL
) ENGINE=InnoDB DEFAULT CHARSET=utf8 COLLATE=utf8_unicode_ci;

--
-- Dumping data for table `locations`
--

INSERT INTO `locations` (`id`, `name`, `lat`, `lon`, `zoom`, `created_at`, `updated_at`) VALUES
(1, 'สยามพารากอน แขวง ปทุมวัน กรุงเทพมหานคร ประเทศไทย', '13.7468299', '', 17, '2016-03-21 08:23:43', '2016-03-21 08:23:43'),
(2, 'กระทรวงกลาโหม ถนน ราชดำเนินใน กรุงเทพมหานคร ประเทศไทย', '13.7517486', '100.49459669999999', 17, '2016-03-21 09:06:29', '2016-03-21 09:06:29'),
(3, 'ดาร์ลิง อาบอบนวด เขต คลองเตย ประเทศไทย', '13.7374917', '100.55782909999994', 17, '2016-03-21 09:28:58', '2016-03-21 09:28:58'),
(4, 'ดิโอลด์สยามพลาซ่า เขต พระนคร กรุงเทพมหานคร ประเทศไทย', '13.7457736', '100.50026079999998', 18, '2016-03-21 10:01:37', '2016-03-21 10:01:37'),
(5, 'กรมศุลกากร เขต คลองเตย ประเทศไทย', '13.713563', '100.56511490000003', 17, '2016-03-22 03:28:37', '2016-03-22 03:28:37'),
(6, 'สยามพารากอน แขวง ปทุมวัน กรุงเทพมหานคร ประเทศไทย', '13.7468299', '100.53492840000001', 17, '2016-03-22 03:56:58', '2016-03-22 03:56:58'),
(7, 'สะพานใหม่ เขต สายไหม กรุงเทพมหานคร ประเทศไทย', '13.8968953', '100.60943700000007', 17, '2016-03-23 05:57:30', '2016-03-23 05:57:30'),
(8, 'สะพานเหล็ก ถนน เยาวราช กรุงเทพมหานคร ประเทศไทย', '13.7447624', '100.50332030000004', 17, '2016-03-23 05:59:47', '2016-03-23 05:59:47'),
(9, 'กรุงสยาม เขต ปทุมวัน ประเทศไทย', '13.7471262', '100.52420189999998', 17, '2016-03-23 11:14:35', '2016-03-23 11:14:35'),
(10, 'มหิดล หน่วยประกันสังคม ร.พ.ศิริราช แขวง บางยี่ขัน กรุงเทพมหานคร ประเทศไทย', '13.7667103', '100.48834729999999', 17, '2016-03-23 11:18:52', '2016-03-23 11:18:52'),
(11, 'ซุปเปอร์สปอร์ต กรุงเทพมหานคร ประเทศไทย', '13.7118137', '100.5948727', 17, '2016-03-25 08:42:43', '2016-03-25 08:42:43'),
(12, 'Super Sport Bang Rak Bangkok Thailand', '13.719633', '100.515489', 17, '2016-03-25 08:57:36', '2016-03-25 08:57:36'),
(13, 'กระทรวงมหาดไทย แขวง วัดราชบพิตร กรุงเทพมหานคร ประเทศไทย', '13.7506665', '100.49668550000001', 17, '2016-03-25 11:22:32', '2016-03-25 11:22:32'),
(14, 'Super Sports ถนน เพลินจิต กรุงเทพมหานคร ประเทศไทย', '13.7443816', '100.54446499999995', 17, '2016-03-30 05:06:10', '2016-03-30 05:06:10'),
(15, 'EmQuartier Sukhumvit Road Bangkok Thailand', '13.7315256', '100.56946760000005', 17, '2016-03-30 05:55:42', '2016-03-30 05:55:42'),
(16, 'MBK Center Phayathai Road Bangkok Thailand', '13.7443263', '100.52998520000006', 17, '2016-03-30 07:18:56', '2016-03-30 07:18:56'),
(17, 'Baskin Robbins กรุงเทพมหานคร ประเทศไทย', '13.7373887', '100.56039199999998', 17, '2016-03-30 07:28:52', '2016-03-30 07:28:52'),
(18, 'Airasia Travel & Service Centre กรุงเทพมหานคร ประเทศไทย', '13.7056924', '100.60060729999998', 17, '2016-03-30 07:44:22', '2016-03-30 07:44:22'),
(19, 'ยาโยอิ ร้านอาหารญี่ปุ่น (สาขาเซ็นทรัลเวิลด์พลาซ่า) แขวง ปทุมวัน กรุงเทพมหานคร ประเทศไทย', '13.7458674', '100.53996559999996', 17, '2016-03-30 07:59:05', '2016-03-30 07:59:05'),
(20, 'โรบินสัน ดีพาทเมนท์สโตร์ ถนน สุขุมวิท กรุงเทพมหานคร ประเทศไทย', '13.7381141', '100.5596845', 17, '2016-03-31 05:11:50', '2016-03-31 05:11:50'),
(21, 'Rayong Thailand', '12.707434', '101.14735169999994', 9, '2016-03-31 05:24:43', '2016-03-31 05:24:43'),
(22, 'WATSONS All Season Place เขต ปทุมวัน กรุงเทพมหานคร ประเทศไทย', '13.739134', '100.54785100000004', 17, '2016-03-31 06:08:41', '2016-03-31 06:08:41'),
(23, 'บริษัท เดอะมอลล์ กรุ๊ป จำกัด แขวง ปทุมวัน กรุงเทพมหานคร ประเทศไทย', '13.746639', '100.53498000000002', 17, '2016-03-31 09:22:40', '2016-03-31 09:22:40'),
(24, '7-Eleven ถนน วรจักร Bangkok Thailand', '13.7492485', '100.5074495', 17, '2016-04-01 04:08:51', '2016-04-01 04:08:51'),
(25, 'Lazada Express Bang Ya Praek Samut Prakan Thailand', '13.6558281', '100.543769', 17, '2016-04-05 04:02:52', '2016-04-05 04:02:52');

-- --------------------------------------------------------

--
-- Table structure for table `migrations`
--

CREATE TABLE `migrations` (
  `migration` varchar(255) COLLATE utf8_unicode_ci NOT NULL,
  `batch` int(11) NOT NULL
) ENGINE=InnoDB DEFAULT CHARSET=utf8 COLLATE=utf8_unicode_ci;

--
-- Dumping data for table `migrations`
--

INSERT INTO `migrations` (`migration`, `batch`) VALUES
('2014_10_12_000000_create_users_table', 1),
('2014_10_12_100000_create_password_resets_table', 1),
('2016_02_24_111212_create_articals_table', 1),
('2016_02_29_172208_articles_add_user_id', 1),
('2016_03_04_120512_create_tags_table', 1),
('2016_03_04_125036_article_add_image', 1),
('2016_03_07_123224_create_events_table', 1),
('2016_03_10_162743_events_add_detail_slug_brief', 1),
('2016_03_13_122403_create_brand_table', 1),
('2016_03_13_124624_create_social_table', 1),
('2016_03_13_125403_create_branch_table', 1),
('2016_03_13_130039_events_brand_deleted_at', 1),
('2016_03_20_091916_categories_add_category_type', 1),
('2016_03_20_140655_create_locations_table', 1),
('2016_03_20_144711_events_add_active_now', 1),
('2016_03_20_173312_create_event_branch', 1),
('2016_03_22_104458_events_rename_column_active', 2),
('2016_03_22_200808_events_add_brand_id', 2),
('2016_04_17_163648_create_brand_category', 3);

-- --------------------------------------------------------

--
-- Table structure for table `password_resets`
--

CREATE TABLE `password_resets` (
  `email` varchar(255) COLLATE utf8_unicode_ci NOT NULL,
  `token` varchar(255) COLLATE utf8_unicode_ci NOT NULL,
  `created_at` timestamp NOT NULL DEFAULT CURRENT_TIMESTAMP ON UPDATE CURRENT_TIMESTAMP
) ENGINE=InnoDB DEFAULT CHARSET=utf8 COLLATE=utf8_unicode_ci;

-- --------------------------------------------------------

--
-- Table structure for table `social`
--

CREATE TABLE `social` (
  `id` int(10) UNSIGNED NOT NULL,
  `fbid` varchar(255) COLLATE utf8_unicode_ci NOT NULL,
  `name` varchar(255) COLLATE utf8_unicode_ci NOT NULL,
  `token` varchar(255) COLLATE utf8_unicode_ci NOT NULL,
  `created_at` timestamp NULL DEFAULT NULL,
  `updated_at` timestamp NULL DEFAULT NULL
) ENGINE=InnoDB DEFAULT CHARSET=utf8 COLLATE=utf8_unicode_ci;

-- --------------------------------------------------------

--
-- Table structure for table `tags`
--

CREATE TABLE `tags` (
  `id` int(10) UNSIGNED NOT NULL,
  `name` varchar(255) COLLATE utf8_unicode_ci NOT NULL,
  `created_at` timestamp NULL DEFAULT NULL,
  `updated_at` timestamp NULL DEFAULT NULL,
  `tag` varchar(255) COLLATE utf8_unicode_ci NOT NULL
) ENGINE=InnoDB DEFAULT CHARSET=utf8 COLLATE=utf8_unicode_ci;

--
-- Dumping data for table `tags`
--

INSERT INTO `tags` (`id`, `name`, `created_at`, `updated_at`, `tag`) VALUES
(1, 'hello World', '2016-03-21 04:12:20', '2016-03-21 04:12:20', 'hello-world'),
(2, ' quotes', '2016-03-21 04:12:20', '2016-03-21 04:12:20', 'quotes'),
(3, ' inspiration', '2016-03-21 04:12:20', '2016-03-21 04:12:20', 'inspiration'),
(4, 'test sadd', '2016-03-21 04:30:41', '2016-03-21 04:30:41', 'test-sadd'),
(5, 'Check Dup', '2016-03-21 04:30:41', '2016-03-21 04:30:41', 'check-dup'),
(6, 'shoes', '2016-03-25 08:42:43', '2016-03-25 08:42:43', 'shoes'),
(7, 'super sport', '2016-03-25 08:42:43', '2016-03-25 08:42:43', 'super-sport'),
(8, 'running', '2016-03-25 08:42:43', '2016-03-25 08:42:43', 'running'),
(9, 'Test', '2016-03-25 11:22:32', '2016-03-25 11:22:32', 'test'),
(10, 'crocs', '2016-03-30 05:06:09', '2016-03-30 05:06:09', 'crocs'),
(11, 'crocs ale 2016', '2016-03-30 05:06:09', '2016-03-30 05:06:09', 'crocs-ale-2016'),
(12, 'Crocs End Of Season Sale', '2016-03-30 05:06:09', '2016-03-30 05:06:09', 'crocs-end-of-season-sale'),
(13, 'crocs sale 50%', '2016-03-30 05:06:09', '2016-03-30 05:06:09', 'crocs-sale-50'),
(14, 'featured', '2016-03-30 05:06:09', '2016-03-30 05:06:09', 'featured'),
(15, 'spotlight', '2016-03-30 05:06:09', '2016-03-30 05:06:09', 'spotlight'),
(16, 'asics', '2016-03-30 05:55:42', '2016-03-30 05:55:42', 'asics'),
(17, 'Nike', '2016-03-30 05:55:42', '2016-03-30 05:55:42', 'nike'),
(18, 'Sports Revolution', '2016-03-30 05:55:42', '2016-03-30 05:55:42', 'sports-revolution'),
(19, 'Reebok', '2016-03-30 07:18:55', '2016-03-30 07:18:55', 'reebok'),
(20, 'Reebok sale', '2016-03-30 07:18:55', '2016-03-30 07:18:55', 'reebok-sale'),
(21, 'Reebok Sale 2016', '2016-03-30 07:18:55', '2016-03-30 07:18:55', 'reebok-sale-2016'),
(22, 'reebok sale 70%', '2016-03-30 07:18:55', '2016-03-30 07:18:55', 'reebok-sale-70'),
(23, 'Baskin Robbins', '2016-03-30 07:28:52', '2016-03-30 07:28:52', 'baskin-robbins'),
(24, 'Baskin Robbins Buy 1 Fee 1', '2016-03-30 07:28:52', '2016-03-30 07:28:52', 'baskin-robbins-buy-1-fee-1'),
(25, 'Baskin Robbins Buy Fun Scoop 1 Fee 1', '2016-03-30 07:28:52', '2016-03-30 07:28:52', 'baskin-robbins-buy-fun-scoop-1-fee-1'),
(26, 'Promotion Baskin Robbins', '2016-03-30 07:28:52', '2016-03-30 07:28:52', 'promotion-baskin-robbins'),
(27, 'air asia promotion', '2016-03-30 07:44:22', '2016-03-30 07:44:22', 'air-asia-promotion'),
(28, 'air asia thailand', '2016-03-30 07:44:22', '2016-03-30 07:44:22', 'air-asia-thailand'),
(29, 'air asia ไทย', '2016-03-30 07:44:22', '2016-03-30 07:44:22', 'air-asia'),
(30, 'Airasia BIG Sale', '2016-03-30 07:44:22', '2016-03-30 07:44:22', 'airasia-big-sale'),
(31, 'promotion yayoi', '2016-03-30 07:59:04', '2016-03-30 07:59:04', 'promotion-yayoi'),
(32, 'yayoi', '2016-03-30 07:59:04', '2016-03-30 07:59:04', 'yayoi'),
(33, 'โปรโมชั่น ยาโยอิ', '2016-03-30 07:59:04', '2016-03-30 07:59:04', ''),
(34, 'NanYang Suga', '2016-03-31 05:11:49', '2016-03-31 05:11:49', 'nanyang-suga'),
(35, 'Promotion NanYang Sugar', '2016-03-31 05:11:49', '2016-03-31 05:11:49', 'promotion-nanyang-sugar'),
(36, 'นันยาง ชูการ์', '2016-03-31 05:11:49', '2016-03-31 05:11:49', ''),
(37, 'AIIZ', '2016-03-31 05:24:43', '2016-03-31 05:24:43', 'aiiz'),
(38, 'BONNY', '2016-03-31 05:24:43', '2016-03-31 05:24:43', 'bonny'),
(39, 'Butterfly Twists', '2016-03-31 05:24:43', '2016-03-31 05:24:43', 'butterfly-twists'),
(40, 'Camel Active', '2016-03-31 05:24:43', '2016-03-31 05:24:43', 'camel-active'),
(41, 'Columbia', '2016-03-31 05:24:43', '2016-03-31 05:24:43', 'columbia'),
(42, 'Emquatier', '2016-03-31 05:24:43', '2016-03-31 05:24:43', 'emquatier'),
(43, 'Fitflop', '2016-03-31 05:24:43', '2016-03-31 05:24:43', 'fitflop'),
(44, 'fitflop sale', '2016-03-31 05:24:43', '2016-03-31 05:24:43', 'fitflop-sale'),
(45, 'วัตสัน ลดราคา', '2016-03-31 06:08:40', '2016-03-31 06:08:40', ''),
(46, 'โปรโมชั่น Watsons', '2016-03-31 06:08:40', '2016-03-31 06:08:40', 'watsons'),
(47, 'โปรโมชั่น วัตสัน 2559', '2016-03-31 06:08:40', '2016-03-31 06:08:40', '2559'),
(48, 'Salute', '2016-03-31 09:22:40', '2016-03-31 09:22:40', 'salute'),
(49, 'summer', '2016-03-31 09:22:40', '2016-03-31 09:22:40', 'summer'),
(50, 'M Point', '2016-03-31 09:22:40', '2016-03-31 09:22:40', 'm-point'),
(51, 'Koh Samui', '2016-03-31 09:22:40', '2016-03-31 09:22:40', 'koh-samui'),
(52, 'Summer Aloha', '2016-03-31 11:16:28', '2016-03-31 11:16:28', 'Summer-Aloha'),
(53, 'Outlet', '2016-03-31 11:16:28', '2016-03-31 11:16:28', 'Outlet'),
(54, 'Gift Voucher', '2016-03-31 11:16:28', '2016-03-31 11:16:28', 'Gift-Voucher'),
(55, 'ซัมเมอร์', '2016-03-31 11:16:28', '2016-03-31 11:16:28', 'ซัมเมอร์'),
(56, 'โปรโมชั่น MBK', '2016-03-31 11:16:28', '2016-03-31 11:16:28', 'โปรโมชั่น-MBK'),
(57, '7-11', '2016-04-01 04:08:50', '2016-04-01 04:08:50', '7-11'),
(58, 'April', '2016-04-01 04:08:50', '2016-04-01 04:08:50', 'april'),
(59, 'โปรโมชั่น 7-eleven', '2016-04-01 04:08:50', '2016-04-01 04:08:50', 'โปรโมชั่น-7-eleven'),
(60, '7 Card', '2016-04-01 04:08:50', '2016-04-01 04:08:50', '7-card'),
(61, 'All Cafe', '2016-04-01 04:08:50', '2016-04-01 04:08:50', 'all-cafe'),
(62, 'sadd', '2016-04-05 03:59:11', '2016-04-05 03:59:11', 'sadd'),
(63, 'Nivea', '2016-04-05 04:02:52', '2016-04-05 04:02:52', 'nivea'),
(64, 'nivea promotion', '2016-04-05 04:02:52', '2016-04-05 04:02:52', 'nivea-promotion'),
(65, 'nivea promotion 2016', '2016-04-05 04:02:52', '2016-04-05 04:02:52', 'nivea-promotion-2016'),
(66, 'Promotion Nivea', '2016-04-05 04:02:52', '2016-04-05 04:02:52', 'promotion-nivea');

-- --------------------------------------------------------

--
-- Table structure for table `users`
--

CREATE TABLE `users` (
  `id` int(10) UNSIGNED NOT NULL,
  `name` varchar(255) COLLATE utf8_unicode_ci NOT NULL,
  `email` varchar(255) COLLATE utf8_unicode_ci NOT NULL,
  `password` varchar(60) COLLATE utf8_unicode_ci NOT NULL,
  `remember_token` varchar(100) COLLATE utf8_unicode_ci DEFAULT NULL,
  `created_at` timestamp NULL DEFAULT NULL,
  `updated_at` timestamp NULL DEFAULT NULL
) ENGINE=InnoDB DEFAULT CHARSET=utf8 COLLATE=utf8_unicode_ci;

--
-- Dumping data for table `users`
--

INSERT INTO `users` (`id`, `name`, `email`, `password`, `remember_token`, `created_at`, `updated_at`) VALUES
(1, 'Bundit', 'kissing-bear@hotmail.com', '$2y$10$77F5bDeR4rVwdC5l9yEE4emTHjlVJ4/XhwKP5gI8CjESS0l5WC3DW', 'AXiAcEaQ8sfJKGEo9f3JDMRT67OYXhDOVKtcWjOvW1GfyNbRxGG0BsRzaVS7', '2016-03-21 04:05:48', '2016-03-22 02:46:42');

--
-- Indexes for dumped tables
--

--
-- Indexes for table `articles`
--
ALTER TABLE `articles`
  ADD PRIMARY KEY (`id`),
  ADD KEY `articles_user_id_foreign` (`user_id`);

--
-- Indexes for table `article_tag`
--
ALTER TABLE `article_tag`
  ADD KEY `article_tag_article_id_index` (`article_id`),
  ADD KEY `article_tag_tag_id_index` (`tag_id`);

--
-- Indexes for table `branch`
--
ALTER TABLE `branch`
  ADD PRIMARY KEY (`id`);

--
-- Indexes for table `brand`
--
ALTER TABLE `brand`
  ADD PRIMARY KEY (`id`),
  ADD KEY `url_slug` (`url_slug`);

--
-- Indexes for table `brand_branch`
--
ALTER TABLE `brand_branch`
  ADD KEY `brand_branch_brand_id_index` (`brand_id`),
  ADD KEY `brand_branch_branch_id_index` (`branch_id`);

--
-- Indexes for table `brand_category`
--
ALTER TABLE `brand_category`
  ADD KEY `brand_category_brand_id_index` (`brand_id`),
  ADD KEY `brand_category_cate_id_index` (`cate_id`);

--
-- Indexes for table `brand_social`
--
ALTER TABLE `brand_social`
  ADD KEY `brand_social_brand_id_index` (`brand_id`),
  ADD KEY `brand_social_social_id_index` (`social_id`);

--
-- Indexes for table `categories`
--
ALTER TABLE `categories`
  ADD PRIMARY KEY (`id`);

--
-- Indexes for table `events`
--
ALTER TABLE `events`
  ADD PRIMARY KEY (`id`),
  ADD UNIQUE KEY `events_url_slug_unique` (`url_slug`),
  ADD KEY `events_user_id_foreign` (`user_id`),
  ADD KEY `events_brand_id_foreign` (`brand_id`);

--
-- Indexes for table `event_branch`
--
ALTER TABLE `event_branch`
  ADD KEY `event_branch_event_id_index` (`event_id`),
  ADD KEY `event_branch_branch_id_index` (`branch_id`);

--
-- Indexes for table `event_category`
--
ALTER TABLE `event_category`
  ADD KEY `event_category_event_id_index` (`event_id`),
  ADD KEY `event_category_cate_id_index` (`cate_id`);

--
-- Indexes for table `event_gallery`
--
ALTER TABLE `event_gallery`
  ADD KEY `event_gallery_event_id_index` (`event_id`) USING BTREE,
  ADD KEY `event_gallery_gallery_id_index` (`gallery_id`) USING BTREE;

--
-- Indexes for table `event_location`
--
ALTER TABLE `event_location`
  ADD KEY `event_location_event_id_index` (`event_id`),
  ADD KEY `event_location_location_id_index` (`location_id`);

--
-- Indexes for table `event_tag`
--
ALTER TABLE `event_tag`
  ADD KEY `event_tag_event_id_index` (`event_id`),
  ADD KEY `event_tag_tag_id_index` (`tag_id`);

--
-- Indexes for table `galleries`
--
ALTER TABLE `galleries`
  ADD PRIMARY KEY (`id`);

--
-- Indexes for table `images`
--
ALTER TABLE `images`
  ADD PRIMARY KEY (`id`);

--
-- Indexes for table `locations`
--
ALTER TABLE `locations`
  ADD PRIMARY KEY (`id`);

--
-- Indexes for table `password_resets`
--
ALTER TABLE `password_resets`
  ADD KEY `password_resets_email_index` (`email`),
  ADD KEY `password_resets_token_index` (`token`);

--
-- Indexes for table `social`
--
ALTER TABLE `social`
  ADD PRIMARY KEY (`id`);

--
-- Indexes for table `tags`
--
ALTER TABLE `tags`
  ADD PRIMARY KEY (`id`);

--
-- Indexes for table `users`
--
ALTER TABLE `users`
  ADD PRIMARY KEY (`id`),
  ADD UNIQUE KEY `users_email_unique` (`email`);

--
-- AUTO_INCREMENT for dumped tables
--

--
-- AUTO_INCREMENT for table `articles`
--
ALTER TABLE `articles`
  MODIFY `id` int(10) UNSIGNED NOT NULL AUTO_INCREMENT;
--
-- AUTO_INCREMENT for table `branch`
--
ALTER TABLE `branch`
  MODIFY `id` int(10) UNSIGNED NOT NULL AUTO_INCREMENT, AUTO_INCREMENT=5;
--
-- AUTO_INCREMENT for table `brand`
--
ALTER TABLE `brand`
  MODIFY `id` int(10) UNSIGNED NOT NULL AUTO_INCREMENT, AUTO_INCREMENT=5;
--
-- AUTO_INCREMENT for table `categories`
--
ALTER TABLE `categories`
  MODIFY `id` int(10) UNSIGNED NOT NULL AUTO_INCREMENT, AUTO_INCREMENT=25;
--
-- AUTO_INCREMENT for table `events`
--
ALTER TABLE `events`
  MODIFY `id` int(10) UNSIGNED NOT NULL AUTO_INCREMENT, AUTO_INCREMENT=56;
--
-- AUTO_INCREMENT for table `galleries`
--
ALTER TABLE `galleries`
  MODIFY `id` int(10) UNSIGNED NOT NULL AUTO_INCREMENT, AUTO_INCREMENT=223;
--
-- AUTO_INCREMENT for table `images`
--
ALTER TABLE `images`
  MODIFY `id` int(10) UNSIGNED NOT NULL AUTO_INCREMENT, AUTO_INCREMENT=4;
--
-- AUTO_INCREMENT for table `locations`
--
ALTER TABLE `locations`
  MODIFY `id` int(10) UNSIGNED NOT NULL AUTO_INCREMENT, AUTO_INCREMENT=26;
--
-- AUTO_INCREMENT for table `social`
--
ALTER TABLE `social`
  MODIFY `id` int(10) UNSIGNED NOT NULL AUTO_INCREMENT;
--
-- AUTO_INCREMENT for table `tags`
--
ALTER TABLE `tags`
  MODIFY `id` int(10) UNSIGNED NOT NULL AUTO_INCREMENT, AUTO_INCREMENT=67;
--
-- AUTO_INCREMENT for table `users`
--
ALTER TABLE `users`
  MODIFY `id` int(10) UNSIGNED NOT NULL AUTO_INCREMENT, AUTO_INCREMENT=2;
--
-- Constraints for dumped tables
--

--
-- Constraints for table `articles`
--
ALTER TABLE `articles`
  ADD CONSTRAINT `articles_user_id_foreign` FOREIGN KEY (`user_id`) REFERENCES `users` (`id`) ON DELETE CASCADE;

--
-- Constraints for table `article_tag`
--
ALTER TABLE `article_tag`
  ADD CONSTRAINT `article_tag_article_id_foreign` FOREIGN KEY (`article_id`) REFERENCES `articles` (`id`) ON DELETE CASCADE,
  ADD CONSTRAINT `article_tag_tag_id_foreign` FOREIGN KEY (`tag_id`) REFERENCES `tags` (`id`) ON DELETE CASCADE;

--
-- Constraints for table `brand_branch`
--
ALTER TABLE `brand_branch`
  ADD CONSTRAINT `brand_branch_branch_id_foreign` FOREIGN KEY (`branch_id`) REFERENCES `branch` (`id`) ON DELETE CASCADE,
  ADD CONSTRAINT `brand_branch_brand_id_foreign` FOREIGN KEY (`brand_id`) REFERENCES `brand` (`id`) ON DELETE CASCADE;

--
-- Constraints for table `brand_category`
--
ALTER TABLE `brand_category`
  ADD CONSTRAINT `brand_category_brand_id_foreign` FOREIGN KEY (`brand_id`) REFERENCES `brand` (`id`) ON DELETE CASCADE,
  ADD CONSTRAINT `brand_category_cate_id_foreign` FOREIGN KEY (`cate_id`) REFERENCES `categories` (`id`) ON DELETE CASCADE;

--
-- Constraints for table `brand_social`
--
ALTER TABLE `brand_social`
  ADD CONSTRAINT `brand_social_brand_id_foreign` FOREIGN KEY (`brand_id`) REFERENCES `brand` (`id`) ON DELETE CASCADE,
  ADD CONSTRAINT `brand_social_social_id_foreign` FOREIGN KEY (`social_id`) REFERENCES `social` (`id`) ON DELETE CASCADE;

--
-- Constraints for table `events`
--
ALTER TABLE `events`
  ADD CONSTRAINT `events_brand_id_foreign` FOREIGN KEY (`brand_id`) REFERENCES `brand` (`id`) ON DELETE CASCADE,
  ADD CONSTRAINT `events_user_id_foreign` FOREIGN KEY (`user_id`) REFERENCES `users` (`id`) ON DELETE CASCADE;

--
-- Constraints for table `event_branch`
--
ALTER TABLE `event_branch`
  ADD CONSTRAINT `event_branch_branch_id_foreign` FOREIGN KEY (`branch_id`) REFERENCES `branch` (`id`) ON DELETE CASCADE,
  ADD CONSTRAINT `event_branch_event_id_foreign` FOREIGN KEY (`event_id`) REFERENCES `events` (`id`) ON DELETE CASCADE;

--
-- Constraints for table `event_category`
--
ALTER TABLE `event_category`
  ADD CONSTRAINT `event_category_cate_id_foreign` FOREIGN KEY (`cate_id`) REFERENCES `categories` (`id`) ON DELETE CASCADE,
  ADD CONSTRAINT `event_category_event_id_foreign` FOREIGN KEY (`event_id`) REFERENCES `events` (`id`) ON DELETE CASCADE;

--
-- Constraints for table `event_gallery`
--
ALTER TABLE `event_gallery`
  ADD CONSTRAINT `event_image_event_id_foreign` FOREIGN KEY (`event_id`) REFERENCES `events` (`id`) ON DELETE CASCADE,
  ADD CONSTRAINT `event_image_image_id_foreign` FOREIGN KEY (`gallery_id`) REFERENCES `galleries` (`id`) ON DELETE CASCADE;

--
-- Constraints for table `event_location`
--
ALTER TABLE `event_location`
  ADD CONSTRAINT `event_location_event_id_foreign` FOREIGN KEY (`event_id`) REFERENCES `events` (`id`) ON DELETE CASCADE,
  ADD CONSTRAINT `event_location_location_id_foreign` FOREIGN KEY (`location_id`) REFERENCES `locations` (`id`) ON DELETE CASCADE;

--
-- Constraints for table `event_tag`
--
ALTER TABLE `event_tag`
  ADD CONSTRAINT `event_tag_event_id_foreign` FOREIGN KEY (`event_id`) REFERENCES `events` (`id`) ON DELETE CASCADE,
  ADD CONSTRAINT `event_tag_tag_id_foreign` FOREIGN KEY (`tag_id`) REFERENCES `tags` (`id`) ON DELETE CASCADE;

/*!40101 SET CHARACTER_SET_CLIENT=@OLD_CHARACTER_SET_CLIENT */;
/*!40101 SET CHARACTER_SET_RESULTS=@OLD_CHARACTER_SET_RESULTS */;
/*!40101 SET COLLATION_CONNECTION=@OLD_COLLATION_CONNECTION */;
